ID,class
1,0.0017566176
2,0.00013265012
3,0.0005673871
4,3.057049e-05
5,8.5637956e-05
6,3.413447e-05
7,0.01094737
8,0.0022278777
9,7.862233e-05
10,0.005503905
11,0.05166228
12,1.9464886e-05
13,5.7976602e-05
14,0.01131998
15,0.00019374171
16,0.0038605349
17,2.6987876e-05
18,0.00037984108
19,9.589306e-05
20,0.00010487488
21,0.00035778098
22,0.002425857
23,0.014556194
24,0.0014370559
25,0.93496656
26,0.0004165584
27,0.00025617587
28,1.6331462e-05
29,0.16972634
30,6.442476e-05
31,3.0813215e-05
32,7.2012146e-05
33,7.158859e-05
34,0.00058363355
35,0.86023116
36,0.027084393
37,0.00020287068
38,0.0030663642
39,0.0001481396
40,2.7410038e-05
41,0.0011427635
42,2.5320525e-05
43,3.878518e-05
44,0.07608401
45,0.0002162022
46,1.1262346e-05
47,0.00065833755
48,0.0003573014
49,0.0087411525
50,0.00010262943
51,0.011851881
52,0.015130891
53,6.8844296e-05
54,0.0008387319
55,7.362974e-05
56,8.85651e-05
57,0.0008881853
58,0.02027316
59,0.00021319631
60,0.00010018459
61,9.672207e-05
62,1.9716352e-05
63,5.4844535e-05
64,1.3287052e-05
65,5.717941e-05
66,5.9622667e-05
67,0.00010309582
68,9.646959e-05
69,0.001331235
70,0.0015527377
71,0.0009435784
72,0.0008312513
73,0.00051237195
74,5.742948e-05
75,0.0016272097
76,0.0001453167
77,0.00038614697
78,0.00032939913
79,0.00011987648
80,0.002462712
81,0.00032164622
82,8.2799095e-05
83,0.0016307933
84,0.00054340257
85,0.00010496251
86,0.0010931898
87,0.23737861
88,0.00048613863
89,0.039474726
90,0.00012352172
91,0.0024693827
92,0.009212047
93,0.00021491601
94,0.0025154948
95,0.016092097
96,0.00036181125
97,3.0674946e-05
98,0.0057692323
99,0.007844925
100,0.0033590486
101,0.10917048
102,0.019453162
103,6.416247e-05
104,0.0011934658
105,1.9129957e-05
106,0.00017094123
107,0.00047845845
108,0.00063774164
109,6.6733446e-05
110,0.007996274
111,0.00015060719
112,0.24819365
113,0.13016747
114,5.3915315e-05
115,0.0002206863
116,5.8673006e-05
117,3.260623e-05
118,0.07177843
119,0.00030142826
120,0.005809006
121,2.7238006e-05
122,0.2022477
123,0.00064261263
124,1.0049731e-05
125,0.00011684077
126,1.4626641e-05
127,0.0008502558
128,0.0019903167
129,0.0034647253
130,7.719048e-05
131,0.00056232227
132,0.0014340653
133,0.0011840261
134,0.0002925458
135,0.009176253
136,0.022763409
137,0.9971336
138,1.1728026e-05
139,0.00023299875
140,0.00012904908
141,5.2424413e-05
142,8.676119e-05
143,0.0012488717
144,0.00028890322
145,0.009807529
146,7.004636e-05
147,0.0049013575
148,8.606907e-05
149,4.442462e-05
150,0.00083850214
151,0.05467516
152,2.7013239e-05
153,0.00050839974
154,5.829529e-06
155,0.0023402884
156,7.4407476e-06
157,8.133801e-05
158,5.902668e-05
159,0.0006738674
160,0.66428477
161,7.290924e-05
162,0.002585338
163,0.00011375635
164,0.00031985366
165,0.00019220111
166,5.0759645e-05
167,0.00066877564
168,0.0022985765
169,0.00276233
170,3.5880523e-05
171,0.004505759
172,0.00017721494
173,0.00015775408
174,0.000401967
175,0.44196257
176,0.10215473
177,0.00020262112
178,2.8167704e-05
179,1.8209023e-05
180,0.17689049
181,0.0006143338
182,4.7591064e-05
183,0.01935481
184,0.00019554285
185,2.7962742e-05
186,0.009634285
187,0.000246169
188,0.0008038239
189,0.0003193381
190,0.036621228
191,0.00013940285
192,5.655437e-05
193,0.0022195186
194,0.79345113
195,0.00053360435
196,6.998527e-05
197,0.008160269
198,0.00010504773
199,5.806131e-05
200,1.3363055e-05
201,1.3374465e-05
202,9.419402e-05
203,0.0027013214
204,0.0017501601
205,7.8280376e-05
206,0.0016596816
207,0.0013674853
208,0.0002695236
209,0.002036896
210,0.00020585464
211,0.0001100521
212,4.1330666e-05
213,0.046067115
214,7.0429676e-05
215,9.4519564e-05
216,5.8855243e-05
217,2.41861e-05
218,0.00014698287
219,0.0017310483
220,9.6837895e-05
221,0.00025153693
222,6.724732e-05
223,5.143132e-05
224,0.005809006
225,6.549674e-05
226,0.00018522538
227,6.721924e-05
228,0.00012733217
229,0.00027119703
230,1.1251868e-05
231,5.220869e-05
232,0.0013483481
233,0.0003256478
234,0.008187515
235,0.0011071623
236,0.00049871934
237,0.0007196492
238,0.2148547
239,5.7234785e-05
240,6.0417726e-05
241,0.00088853016
242,0.000101392296
243,5.5603236e-05
244,0.00026418295
245,0.000110636705
246,0.0001863732
247,0.09925998
248,0.0010632297
249,0.0004945792
250,0.0006956341
251,0.033359952
252,4.364608e-05
253,0.0012892577
254,0.0003418382
255,0.57366717
256,6.351765e-05
257,2.390018e-05
258,0.26787207
259,0.0033695865
260,0.013578956
261,0.0030366818
262,0.0061997287
263,0.0007668999
264,0.000228978
265,0.0011708228
266,1.5423862e-05
267,0.08116127
268,3.0011917e-05
269,5.795162e-05
270,7.038657e-05
271,8.107047e-05
272,8.400373e-05
273,8.620124e-05
274,2.7868848e-05
275,0.0027064004
276,5.0448823e-05
277,1.5955584e-05
278,0.036998734
279,2.0654305e-05
280,0.3832822
281,0.0016398677
282,0.00057034503
283,0.008241872
284,0.0011609492
285,0.022621138
286,7.304188e-05
287,3.3713586e-05
288,0.0038745294
289,0.00018477927
290,0.0009221029
291,6.754276e-05
292,0.0002991069
293,0.00038787618
294,0.0017522199
295,0.011431964
296,4.935835e-05
297,6.0639955e-05
298,1.2887078e-05
299,7.129538e-05
300,0.0006317171
301,0.0002166
302,0.35439962
303,0.0051682433
304,6.2016894e-05
305,8.374147e-05
306,0.00085597526
307,0.0016978913
308,9.01706e-05
309,0.005042796
310,0.04350004
311,3.3529257e-05
312,0.005411854
313,9.504994e-05
314,0.0027563272
315,7.260376e-05
316,0.9967168
317,0.0002990915
318,8.342043e-05
319,0.0010335536
320,3.3222877e-05
321,0.000103034006
322,0.000100713136
323,2.552612e-05
324,0.0006623924
325,0.00017290805
326,0.0025075306
327,0.006497168
328,0.00021909854
329,0.015225154
330,0.00025003485
331,0.00018063048
332,0.0018473152
333,0.0026374927
334,1.2686922e-05
335,0.0011484672
336,2.9464332e-05
337,0.0007939538
338,2.9209716e-05
339,0.0016454809
340,8.423933e-06
341,0.00016091394
342,0.0067055365
343,0.0004319604
344,0.0003214828
345,0.011578727
346,2.141707e-05
347,7.485657e-05
348,0.00010501277
349,8.8514695e-05
350,0.0008548704
351,0.009248152
352,0.006136699
353,0.00013240748
354,2.3397053e-05
355,0.0068502007
356,6.0918504e-05
357,0.0010579283
358,0.016259871
359,0.0006186043
360,1.5186089e-05
361,0.0056873923
362,0.96621424
363,0.00036915438
364,0.0006288155
365,0.0004767944
366,6.662961e-05
367,0.00012706642
368,4.439663e-05
369,0.00030265728
370,0.012242111
371,0.00016539692
372,0.64061815
373,3.2132924e-05
374,0.0001433111
375,0.00022522213
376,0.0004572122
377,0.000101131096
378,9.527164e-05
379,0.0027000615
380,0.00022708796
381,0.00017543716
382,0.0007889531
383,8.758356e-05
384,0.003958636
385,0.0002803208
386,9.2988936e-05
387,0.0021789062
388,0.2512979
389,5.4234675e-05
390,7.536361e-05
391,0.025983283
392,0.0003755005
393,0.0011219265
394,8.5765685e-05
395,0.0001685272
396,0.00022735856
397,1.5197431e-05
398,7.455104e-05
399,2.2933256e-05
400,6.5208995e-05
401,1.5346759e-05
402,0.00035110186
403,0.00015214093
404,0.0064093093
405,4.4182703e-05
406,2.990692e-05
407,0.040966287
408,3.5500754e-05
409,8.368767e-05
410,0.14267278
411,0.00029670354
412,0.0018487875
413,9.736893e-05
414,0.08763347
415,0.00048059813
416,0.0001433111
417,8.681978e-05
418,6.748707e-05
419,0.004768266
420,0.0054479362
421,0.00019209541
422,0.0011453611
423,8.001434e-05
424,2.039389e-05
425,0.0009189056
426,0.000113256734
427,7.669229e-05
428,0.28819886
429,0.028545143
430,0.0003730827
431,0.14215674
432,0.00020301504
433,0.000101261176
434,0.0014643742
435,4.5793196e-05
436,0.0004674539
437,0.00014854244
438,0.000376321
439,6.440375e-05
440,4.7351405e-05
441,6.066725e-05
442,0.0026328797
443,0.0005891664
444,0.0010788507
445,3.751533e-05
446,0.014429966
447,0.00025341814
448,0.00010939044
449,0.00011497646
450,0.021731423
451,0.001420765
452,0.0007303307
453,4.196129e-05
454,7.911443e-05
455,7.2162075e-05
456,2.8069024e-05
457,8.726376e-05
458,0.0019284154
459,6.99413e-05
460,0.00032142553
461,0.023721896
462,0.0011493323
463,0.0006559323
464,0.0016587141
465,0.00070482295
466,1.3233371e-05
467,0.002940466
468,0.0027626138
469,0.00013482771
470,4.779701e-05
471,3.38945e-05
472,0.0003569407
473,0.007627228
474,2.5871304e-05
475,2.463895e-05
476,0.005573222
477,0.008190331
478,0.028671449
479,2.4308376e-05
480,1.4215868e-05
481,0.00017206073
482,3.732413e-05
483,0.00032551
484,0.00020266806
485,2.9251838e-05
486,7.5761936e-06
487,9.226694e-05
488,0.004093451
489,0.11470913
490,0.00014272524
491,0.00029946186
492,0.0035365245
493,5.553053e-05
494,0.034545153
495,0.00074381556
496,9.366306e-05
497,0.0013717689
498,0.0032918418
499,1.9451338e-05
500,0.0068002753
501,0.0003624615
502,5.143358e-05
503,1.5746e-05
504,0.111302435
505,0.0002970174
506,0.002060391
507,0.0027669575
508,0.00076878077
509,6.58227e-05
510,5.1748153e-05
511,0.0015955863
512,2.6939639e-05
513,0.0055611287
514,0.012570683
515,0.00053968764
516,0.0010889056
517,0.00026472984
518,0.00077135756
519,0.00021201652
520,0.00037645857
521,1.8703759e-05
522,0.010261587
523,0.022039508
524,0.000453469
525,0.0001431247
526,0.00481965
527,1.3577826e-05
528,3.856783e-05
529,0.59082717
530,0.00054705335
531,0.0010386262
532,1.7515817e-05
533,5.0841758e-05
534,0.0007125509
535,0.0009133031
536,0.0010668052
537,0.00024256171
538,1.8151737e-05
539,1.9266943e-05
540,0.0005221484
541,0.000613106
542,0.0003029662
543,1.920503e-05
544,2.0522148e-05
545,2.3560437e-05
546,0.003695473
547,4.0599723e-05
548,0.0019112471
549,5.039276e-05
550,8.322124e-05
551,0.011770252
552,0.00014601453
553,6.461882e-05
554,0.04332662
555,4.258001e-05
556,0.0011546556
557,0.028997306
558,0.013902373
559,0.0003912902
560,0.055452358
561,6.605989e-05
562,0.00024153657
563,6.245072e-05
564,0.0073733293
565,1.46634e-05
566,0.0002636055
567,0.0001656136
568,0.000107193984
569,4.323188e-05
570,0.3463876
571,4.181118e-05
572,0.00037811886
573,0.0065940963
574,3.489866e-05
575,7.4518415e-05
576,0.0007678864
577,0.20882303
578,0.05045121
579,3.1062256e-05
580,0.0694297
581,4.107417e-05
582,0.00053410605
583,0.0006540596
584,7.6918905e-06
585,0.0043256083
586,0.036551345
587,2.7550137e-05
588,1.9090974e-05
589,0.00015483171
590,9.273576e-05
591,0.051306732
592,0.000203964
593,0.0002838517
594,0.03815046
595,0.0025861938
596,0.0001803333
597,7.1960654e-05
598,0.0018997471
599,0.0009718414
600,0.0005698604
601,0.00013105529
602,0.00010304983
603,3.6111167e-05
604,0.0007788854
605,0.01167874
606,2.552758e-05
607,0.0008370094
608,0.0009901102
609,0.00014431766
610,4.9273935e-05
611,0.001225606
612,0.0028256408
613,0.00015018298
614,0.0012011182
615,0.025359128
616,6.532894e-05
617,1.6432117e-05
618,0.0002581644
619,0.043718465
620,0.00015604633
621,0.17568873
622,0.5746895
623,0.00037378477
624,0.01299188
625,0.03651369
626,9.0176545e-05
627,0.11615183
628,0.502748
629,1.5509131e-05
630,4.7468053e-05
631,0.00044420187
632,0.9853145
633,6.754103e-05
634,6.160247e-05
635,0.005556948
636,9.764647e-05
637,0.0058824094
638,0.0021347052
639,0.00897683
640,0.00028667337
641,0.00074345665
642,5.9450187e-05
643,0.00074441865
644,0.13735919
645,3.3079254e-05
646,0.0038320776
647,0.00020454201
648,1.3582774e-05
649,0.021438086
650,0.007120387
651,0.28408617
652,0.001855724
653,0.0178496
654,0.025454558
655,9.675805e-05
656,3.565448e-05
657,0.00061519595
658,0.00016744953
659,0.0009349443
660,4.6256286e-05
661,0.01168397
662,0.0007146295
663,0.007400993
664,0.007143651
665,0.00083916995
666,2.9993604e-05
667,0.00018706576
668,0.0032109153
669,8.421564e-05
670,0.0014030226
671,0.3214707
672,0.0007361356
673,7.3868e-05
674,0.016466152
675,0.0046046805
676,0.00025635766
677,0.0018079749
678,0.00017096437
679,0.0015977664
680,0.0011096442
681,0.0020239614
682,0.0019683982
683,0.053703748
684,0.004718217
685,6.189578e-05
686,0.116508394
687,0.00011258945
688,0.046703693
689,8.2677194e-05
690,0.00012415952
691,0.00014681353
692,1.87623e-05
693,4.4322685e-05
694,3.5023855e-05
695,0.050095975
696,2.6305763e-05
697,2.124692e-05
698,0.00043836766
699,0.21042526
700,0.00012011346
701,0.00026589137
702,0.00011211623
703,5.8214602e-05
704,0.0002786966
705,0.0014052545
706,0.00045667903
707,0.0032059194
708,0.0015984861
709,1.8622048e-05
710,1.7178281e-05
711,0.004454275
712,6.568356e-05
713,0.0026774716
714,0.05847164
715,0.009736517
716,0.00018821331
717,0.0016104855
718,1.7035354e-05
719,5.402113e-05
720,0.00019139262
721,0.011101651
722,1.1734291e-05
723,0.00020299587
724,0.00013487929
725,0.056781255
726,0.0014803128
727,0.0004618521
728,0.0003716238
729,5.409397e-05
730,0.00011469962
731,7.743075e-05
732,8.589566e-05
733,0.0040203966
734,7.3768046e-05
735,6.370332e-05
736,7.050292e-05
737,0.000117035015
738,0.0330449
739,4.246598e-05
740,0.012568131
741,0.19889699
742,0.00016677183
743,0.019365808
744,0.00014422274
745,0.0023619293
746,2.024254e-05
747,6.206192e-05
748,0.006622886
749,0.013890277
750,0.000878406
751,0.002414934
752,4.0225554e-05
753,1.5051079e-05
754,0.009964557
755,0.00071814575
756,0.0015557419
757,0.014673297
758,2.2979691e-05
759,0.00031262657
760,8.1579354e-05
761,1.9076051e-05
762,0.15894689
763,0.0013655358
764,0.0019530051
765,0.09863672
766,0.00048204954
767,0.21536814
768,0.0012184625
769,0.0006989394
770,0.0010620286
771,0.079747185
772,0.009399634
773,1.1965646e-05
774,0.00015920933
775,0.0007834858
776,0.000117905925
777,0.39332393
778,0.00041217642
779,0.49719733
780,5.9332382e-05
781,6.684918e-05
782,0.44394937
783,0.005551886
784,0.0009218982
785,3.086648e-05
786,7.006273e-05
787,0.0001410355
788,0.14972477
789,0.00012893396
790,3.365448e-05
791,0.0013999596
792,4.1675914e-05
793,0.010807993
794,4.1036114e-05
795,0.0010186324
796,0.0016077544
797,7.65983e-05
798,7.279649e-05
799,0.00097038364
800,0.00012087696
801,0.0020845018
802,0.2873407
803,7.563156e-06
804,3.69884e-05
805,8.8469205e-06
806,0.0001753059
807,0.0975208
808,7.033572e-05
809,0.00020884446
810,0.09010482
811,1.2973161e-05
812,0.0012109419
813,0.00783062
814,0.0023570422
815,0.00010304364
816,4.6593635e-05
817,0.0030208735
818,0.00023727847
819,0.0048455386
820,0.0003477237
821,0.9568181
822,0.0015306176
823,0.00019964308
824,0.00033294086
825,0.0032904292
826,0.00016538557
827,0.015665634
828,0.001041249
829,0.0665805
830,0.0014430445
831,0.95410776
832,7.476505e-05
833,0.00010388164
834,1.871591e-05
835,0.0017511375
836,0.005796981
837,0.033582903
838,0.0004310168
839,0.0020509944
840,0.0041349144
841,0.00012882285
842,1.5802712e-05
843,3.146141e-05
844,0.0063219448
845,0.00010477112
846,0.0029975732
847,1.9544963e-05
848,0.0004741367
849,0.17165701
850,4.7620255e-05
851,3.7619295e-05
852,0.0031691724
853,3.0847703e-05
854,0.0004617434
855,0.0022267702
856,0.8026702
857,0.0011187141
858,0.2935095
859,0.00015410998
860,0.014137957
861,2.2964465e-05
862,0.001438338
863,6.755352e-05
864,0.00010376156
865,6.587708e-05
866,0.13226959
867,0.002403139
868,0.061500866
869,0.026139468
870,5.5385943e-05
871,0.066830434
872,0.00038193492
873,2.5492134e-05
874,2.9812067e-05
875,0.0017025765
876,3.259647e-05
877,6.244387e-05
878,4.7733283e-05
879,0.0014320135
880,0.00012338586
881,0.00014563007
882,6.199129e-05
883,0.0005900484
884,0.0020026916
885,6.221213e-05
886,0.00011123704
887,6.658724e-05
888,2.230892e-05
889,0.0011656649
890,0.104993135
891,2.5910587e-05
892,4.287636e-05
893,0.00016809197
894,4.9609585e-05
895,0.012501438
896,0.0018850842
897,0.00028506943
898,0.0041293907
899,0.00033977503
900,0.9989304
901,0.71206474
902,0.0042987736
903,0.00121142
904,0.00020848634
905,0.0019397239
906,0.00060076825
907,0.0041650613
908,4.808627e-05
909,0.00011512455
910,5.52056e-05
911,1.4164485e-05
912,2.5518939e-05
913,3.303874e-05
914,2.0626767e-05
915,2.499315e-05
916,4.9593225e-05
917,5.6084114e-05
918,0.00030091888
919,4.446794e-05
920,0.00075060036
921,5.0197694e-05
922,4.2939046e-05
923,1.1898078e-05
924,0.00084927276
925,6.2055406e-05
926,0.38167113
927,8.4522966e-05
928,0.0008041258
929,0.00010510204
930,0.005123192
931,0.036566667
932,0.00016355873
933,5.828154e-05
934,9.347194e-05
935,8.1742815e-05
936,0.00032678296
937,0.0013611122
938,0.0005502247
939,0.0012490769
940,0.00018505733
941,0.00029693727
942,0.0027773397
943,0.061459556
944,3.276801e-05
945,0.0002963849
946,0.0001461144
947,5.9759455e-05
948,0.038671512
949,1.8428545e-05
950,0.0004691471
951,0.17256258
952,4.3525753e-05
953,0.001418335
954,0.027645776
955,0.00014667024
956,0.00090257
957,0.009204551
958,2.2606782e-05
959,0.0038682718
960,0.0009164342
961,0.00011382275
962,0.0025951564
963,0.0027216377
964,0.014200669
965,0.006617339
966,0.00013966045
967,3.8412785e-05
968,5.744876e-05
969,6.299069e-05
970,0.0049311486
971,0.00011270492
972,1.9236686e-05
973,3.88795e-05
974,0.000737625
975,5.0109305e-05
976,0.00018679912
977,0.0021134315
978,0.0013088749
979,0.000100983074
980,0.00022990291
981,0.00030445855
982,0.006307783
983,0.000115798044
984,8.8169974e-05
985,0.0002658186
986,0.00010741243
987,0.00014156124
988,3.1858708e-05
989,3.3929653e-05
990,0.0034265982
991,0.0006301209
992,0.0003418884
993,0.0015343343
994,0.00082237576
995,0.09943372
996,0.10027342
997,0.0014458644
998,1.1453377e-05
999,0.0003107595
1000,0.00011131577
1001,0.001284491
1002,5.828004e-05
1003,0.0046796855
1004,0.00013511485
1005,5.2859854e-05
1006,0.00013712105
1007,0.000120299366
1008,7.380479e-06
1009,0.0015229913
1010,0.0013355294
1011,5.003028e-05
1012,0.00019184739
1013,0.000314038
1014,0.00010384689
1015,0.00023346997
1016,0.000539528
1017,0.00012927632
1018,0.0008966231
1019,2.1765061e-05
1020,0.0016868897
1021,0.009781871
1022,0.0075016255
1023,5.4154512e-05
1024,1.4110757e-05
1025,0.0020161537
1026,0.122403264
1027,0.01852431
1028,0.0036048738
1029,0.018938009
1030,0.0004976409
1031,0.0015636636
1032,8.641942e-05
1033,0.00037650613
1034,0.06965321
1035,9.516339e-05
1036,4.390281e-05
1037,0.008490319
1038,0.0005156352
1039,0.00043462036
1040,2.1718928e-05
1041,1.6006868e-05
1042,0.0016838721
1043,1.5139352e-05
1044,1.476263e-05
1045,0.00011745494
1046,0.00011372674
1047,0.00021496663
1048,0.0032859286
1049,3.253054e-05
1050,2.7293185e-05
1051,3.2473075e-05
1052,0.0012030866
1053,5.6130073e-05
1054,0.003277654
1055,0.00033044495
1056,0.00013886899
1057,9.345617e-05
1058,0.00078497897
1059,0.101500854
1060,6.086886e-05
1061,6.081351e-05
1062,0.00082922995
1063,0.0074326387
1064,0.00023369712
1065,0.26796514
1066,6.047237e-05
1067,0.00011098921
1068,4.0281022e-05
1069,0.049552314
1070,3.0793446e-05
1071,0.023856135
1072,0.0007440116
1073,7.9349025e-05
1074,0.0009812317
1075,5.364115e-05
1076,4.5227658e-05
1077,0.06936862
1078,0.00011607564
1079,0.045093082
1080,2.4389437e-05
1081,0.00019137583
1082,8.3332816e-05
1083,0.0001634672
1084,0.007859807
1085,0.010102009
1086,1.8000317e-05
1087,0.10525669
1088,0.028644526
1089,0.0003579777
1090,3.1083324e-05
1091,0.0045863516
1092,0.001856012
1093,0.00036871404
1094,9.1188005e-05
1095,0.0053065517
1096,0.012497159
1097,3.883385e-05
1098,1.13372835e-05
1099,0.00014978512
1100,0.00029782215
1101,0.039925516
1102,1.7966515e-05
1103,0.00043304428
1104,1.744986e-05
1105,0.00037167195
1106,0.0005770249
1107,9.3124436e-05
1108,0.00028030077
1109,0.0008848002
1110,0.00013666079
1111,0.0009803422
1112,0.00011255649
1113,6.4268286e-05
1114,5.8887577e-05
1115,0.0026284782
1116,0.00017438646
1117,2.8487524e-05
1118,2.474076e-05
1119,0.56587374
1120,0.0002446467
1121,0.7631595
1122,4.37041e-05
1123,0.00027601313
1124,3.5746983e-05
1125,0.0004305891
1126,2.6867978e-05
1127,2.5591027e-05
1128,9.595361e-05
1129,0.00018158666
1130,0.00039935223
1131,2.8001303e-05
1132,5.448921e-05
1133,0.00010056142
1134,9.564073e-05
1135,0.0007042465
1136,0.004666883
1137,0.00014400177
1138,0.0014977212
1139,7.161174e-05
1140,0.011405272
1141,0.0015639963
1142,6.4904016e-05
1143,0.00062777265
1144,8.186825e-05
1145,0.0022423419
1146,1.25755705e-05
1147,0.0007181512
1148,0.00018610772
1149,0.0077896896
1150,0.0011500464
1151,0.012029857
1152,0.36883384
1153,2.7672026e-05
1154,9.412022e-05
1155,1.7829285e-05
1156,6.0045015e-05
1157,0.00035679372
1158,0.0006168934
1159,0.000495446
1160,0.00014208975
1161,5.4285225e-05
1162,0.00016814342
1163,0.00014737161
1164,0.009907657
1165,0.00016449713
1166,0.0002113156
1167,1.4136443e-05
1168,0.0007531799
1169,0.00012317016
1170,0.0001363523
1171,1.0463256e-05
1172,0.0005401583
1173,3.419318e-05
1174,0.0072526527
1175,0.018600425
1176,0.00021771147
1177,0.004481559
1178,6.1202896e-05
1179,0.0001234313
1180,0.00011829006
1181,2.6072195e-05
1182,9.819178e-05
1183,0.013890381
1184,0.00080385496
1185,2.3772112e-05
1186,0.00019153228
1187,0.80759764
1188,0.021167245
1189,0.0001326304
1190,5.512354e-05
1191,0.0010531939
1192,0.30711293
1193,4.718827e-05
1194,0.00019906105
1195,0.025137626
1196,0.024049528
1197,3.7582686e-05
1198,0.00015577413
1199,0.0001711415
1200,5.01964e-05
1201,0.00077966024
1202,5.4936034e-05
1203,0.00015259699
1204,0.0002898965
1205,0.00013390816
1206,0.0005081688
1207,0.0034969454
1208,0.0003775402
1209,3.3690347e-05
1210,4.803558e-05
1211,0.12222912
1212,4.4696546e-05
1213,0.5754447
1214,0.00011689248
1215,0.01717308
1216,0.0010522703
1217,6.0324808e-05
1218,0.010877956
1219,0.0033532158
1220,0.0006443046
1221,1.6737999e-05
1222,0.0020248475
1223,2.4568722e-05
1224,0.0041342922
1225,0.0001521772
1226,7.8412086e-05
1227,0.0006531012
1228,0.002588734
1229,4.468593e-05
1230,5.717625e-05
1231,0.0010253242
1232,0.009390603
1233,0.016654931
1234,0.00070392515
1235,0.00014998093
1236,0.0037822365
1237,2.4611496e-05
1238,2.9355711e-05
1239,2.9068524e-05
1240,0.0032088521
1241,3.6543646e-05
1242,0.005576294
1243,0.0013129452
1244,0.00015071464
1245,0.004523525
1246,0.014207646
1247,4.2076856e-05
1248,0.0045974017
1249,0.99120116
1250,0.00011069939
1251,0.002139689
1252,0.00012584025
1253,4.400282e-05
1254,0.0020220147
1255,3.4479104e-05
1256,3.0791332e-05
1257,0.0016000774
1258,0.0023358557
1259,0.02939448
1260,0.0002630918
1261,0.00089685176
1262,0.000115395036
1263,2.8253791e-05
1264,0.00010303195
1265,0.02467237
1266,0.0005323239
1267,9.985402e-05
1268,2.6638105e-05
1269,0.00011809148
1270,0.0012131961
1271,0.058629517
1272,0.18085134
1273,0.0002088365
1274,2.8510027e-05
1275,9.308493e-05
1276,0.0025413008
1277,0.0012149377
1278,5.4763794e-05
1279,2.8950699e-05
1280,0.0043266104
1281,0.0007747714
1282,4.3989774e-05
1283,0.00023375172
1284,0.000535623
1285,6.556003e-05
1286,0.039072122
1287,3.3884964e-05
1288,0.00018758069
1289,3.2356227e-05
1290,0.014121669
1291,0.00045588613
1292,2.0088251e-05
1293,2.6137493e-05
1294,0.0009133466
1295,0.000648614
1296,0.00019458945
1297,0.025484426
1298,2.9451778e-05
1299,0.006861997
1300,5.1862717e-05
1301,0.0014730499
1302,0.00042684682
1303,3.9925322e-05
1304,0.00024154627
1305,0.00066833507
1306,2.957099e-05
1307,0.0001868285
1308,1.4480619e-05
1309,0.5919507
1310,0.0067252596
1311,0.018161701
1312,0.00020268778
1313,0.00078204286
1314,1.4325108e-05
1315,3.62956e-05
1316,3.2758264e-05
1317,1.9572846e-05
1318,1.3520844e-05
1319,0.00067494524
1320,0.36274552
1321,0.04596281
1322,0.020111326
1323,0.00020931811
1324,0.00076417334
1325,0.0012864977
1326,0.0010422767
1327,0.06226129
1328,0.00025761902
1329,0.0016713302
1330,0.0031150116
1331,4.0096867e-05
1332,0.00013237883
1333,3.157575e-05
1334,0.00053001544
1335,5.8806883e-05
1336,0.00068113185
1337,0.00050609803
1338,5.1942654e-05
1339,0.00014698834
1340,0.00018609867
1341,0.0006870757
1342,0.0020056407
1343,0.008216595
1344,0.002873555
1345,0.00043573856
1346,1.7480555e-05
1347,2.258336e-05
1348,1.052903e-05
1349,1.893802e-05
1350,0.8552949
1351,0.0006145399
1352,1.9006648e-05
1353,0.034003764
1354,1.8648883e-05
1355,0.0005041792
1356,9.841911e-05
1357,0.0002790329
1358,0.00058398047
1359,6.282908e-05
1360,3.4004253e-05
1361,1.45996755e-05
1362,0.0018252035
1363,0.00017084899
1364,5.0990144e-05
1365,0.00020880364
1366,0.0010314495
1367,1.4415694e-05
1368,0.002520417
1369,2.1369637e-05
1370,5.9343583e-05
1371,0.00021675536
1372,0.00010051127
1373,0.00048263048
1374,0.00055084
1375,0.004678311
1376,6.0953724e-05
1377,0.00013099682
1378,0.014701942
1379,0.06282906
1380,2.1240681e-05
1381,4.0358424e-05
1382,2.1811586e-05
1383,0.00073040347
1384,6.073301e-05
1385,0.00018686484
1386,1.4398699e-05
1387,0.00070538477
1388,0.0051901434
1389,3.0306861e-05
1390,0.0051398743
1391,3.9909257e-05
1392,0.0048233634
1393,0.09504141
1394,0.038817804
1395,1.605207e-05
1396,1.5725036e-05
1397,0.00072432717
1398,0.00023336158
1399,0.0015093919
1400,5.6244688e-05
1401,0.0023427757
1402,0.00037839956
1403,6.0966337e-05
1404,0.00095361355
1405,0.00012196018
1406,6.234337e-05
1407,0.0251448
1408,0.00014709643
1409,5.8978625e-05
1410,6.429152e-05
1411,0.00021102888
1412,9.515214e-05
1413,0.00016102154
1414,8.2777304e-05
1415,0.011256771
1416,0.023586437
1417,6.626217e-05
1418,0.0015869273
1419,8.914423e-05
1420,0.00398881
1421,0.0012161464
1422,0.00069539645
1423,9.77787e-05
1424,0.016946683
1425,0.0012465115
1426,0.00012228625
1427,1.9141818e-05
1428,4.155959e-05
1429,0.005334517
1430,0.00015863501
1431,3.0261665e-05
1432,3.256866e-05
1433,0.00027724347
1434,0.015880415
1435,0.00019725705
1436,1.0763175e-05
1437,0.0021498215
1438,0.00028409754
1439,0.0001298607
1440,0.00027254387
1441,4.0274033e-05
1442,0.021095911
1443,0.00012383093
1444,0.012348371
1445,0.00010843021
1446,0.0007242575
1447,0.00012832631
1448,0.00017363351
1449,0.00024644422
1450,0.0001668886
1451,0.364423
1452,1.8774741e-05
1453,0.0020932078
1454,0.008776803
1455,0.00063114206
1456,0.0004538569
1457,8.985396e-05
1458,1.3830432e-05
1459,0.0002863475
1460,0.00055347115
1461,0.00017802091
1462,0.001124406
1463,9.26624e-05
1464,0.0014727946
1465,1.6964555e-05
1466,0.00013789702
1467,0.039105814
1468,4.2909087e-05
1469,9.497239e-05
1470,0.0047091725
1471,0.00482651
1472,0.002217285
1473,5.100848e-05
1474,0.0032613906
1475,0.00017827896
1476,0.00036503279
1477,3.1522166e-05
1478,3.4384797e-05
1479,0.0002137475
1480,4.1607174e-05
1481,7.6142256e-05
1482,0.00014134207
1483,7.85713e-05
1484,2.6009888e-05
1485,0.0014432026
1486,8.014056e-05
1487,0.0007157407
1488,0.0012174109
1489,0.0006276865
1490,0.011620428
1491,0.00063262024
1492,6.973471e-05
1493,0.0002580015
1494,0.000296873
1495,4.1895597e-05
1496,8.785231e-05
1497,0.0025879585
1498,0.0003086866
1499,0.46012577
1500,4.782067e-05
1501,0.00032874531
1502,0.0001785576
1503,0.0023616145
1504,0.0018516083
1505,0.00044912423
1506,2.0813415e-05
1507,5.6488505e-05
1508,0.00015308024
1509,0.009910619
1510,2.9854258e-05
1511,3.019916e-05
1512,0.008092307
1513,3.2843283e-05
1514,0.0004915372
1515,0.00010713971
1516,0.00013154821
1517,3.904544e-05
1518,2.3044673e-05
1519,2.5431746e-05
1520,0.0002474607
1521,0.0054362863
1522,7.1985436e-05
1523,0.00019603717
1524,0.000776317
1525,0.00022792048
1526,0.00013731247
1527,0.00014289982
1528,0.011096408
1529,0.00010420558
1530,0.02723535
1531,6.078603e-05
1532,0.045176957
1533,0.006892307
1534,0.00012085171
1535,0.9739261
1536,0.00025045787
1537,0.00043642425
1538,8.9255744e-05
1539,0.00039258073
1540,0.011785727
1541,0.00038530305
1542,5.9300364e-05
1543,0.0015017112
1544,0.0015852631
1545,0.0022274442
1546,2.9974846e-05
1547,0.010893667
1548,0.005138031
1549,0.00012262043
1550,0.1212293
1551,0.032502633
1552,1.0634029e-05
1553,0.00018535578
1554,0.19750471
1555,8.183172e-05
1556,0.044883497
1557,5.5491575e-05
1558,0.0001215018
1559,8.554215e-06
1560,0.00273155
1561,4.861031e-05
1562,1.1062108e-05
1563,0.0002157825
1564,0.0036112557
1565,0.0020143162
1566,1.1819839e-05
1567,3.8394435e-05
1568,5.7513713e-05
1569,0.12141428
1570,0.00018274903
1571,0.026148431
1572,0.0010460593
1573,0.00027670505
1574,0.0027316397
1575,3.558831e-05
1576,7.073735e-05
1577,0.00022282242
1578,5.2132764e-05
1579,0.0024236308
1580,0.000103015445
1581,0.015983988
1582,0.06343954
1583,0.0035612057
1584,0.0015361418
1585,4.1158157e-05
1586,0.00051446306
1587,0.0032123576
1588,0.011753864
1589,2.3735303e-05
1590,0.00015109869
1591,1.9186102e-05
1592,0.0038303433
1593,0.00020647954
1594,4.2950105e-05
1595,0.00035183853
1596,6.3095176e-05
1597,4.146019e-05
1598,0.030283714
1599,0.6249663
1600,8.6586304e-05
1601,8.8436565e-05
1602,3.8118007e-05
1603,0.00022083362
1604,0.003189874
1605,2.4811407e-05
1606,6.519954e-05
1607,0.025137626
1608,3.7466383e-05
1609,0.1328961
1610,0.0130022485
1611,0.37038663
1612,0.0037871844
1613,0.04726326
1614,2.9503304e-05
1615,0.0003462541
1616,0.0002922314
1617,0.018928936
1618,3.4665547e-05
1619,1.8339184e-05
1620,0.00013106166
1621,3.2826654e-05
1622,0.0014313946
1623,0.032826394
1624,0.47251874
1625,1.2528885e-05
1626,4.3369964e-05
1627,0.026458878
1628,1.8317669e-05
1629,4.003268e-05
1630,6.8180765e-05
1631,0.03151621
1632,0.0015727706
1633,0.0024883659
1634,6.616675e-05
1635,2.0019766e-05
1636,0.13364345
1637,3.5398254e-05
1638,0.00012176508
1639,0.000750595
1640,0.0004724289
1641,0.00015107435
1642,0.00053177745
1643,0.0022933108
1644,0.0003917043
1645,0.00014267286
1646,0.02432757
1647,0.00023159962
1648,5.3042644e-05
1649,0.19558695
1650,3.5571105e-05
1651,0.00015328809
1652,9.337008e-06
1653,4.3162094e-05
1654,0.0007432615
1655,0.00010578334
1656,0.00016274462
1657,0.0019725442
1658,0.00013125564
1659,6.646081e-05
1660,0.0014153186
1661,0.008520475
1662,8.317301e-05
1663,0.0035067378
1664,0.027688505
1665,0.00073961174
1666,7.9197154e-05
1667,0.0003275156
1668,9.726472e-05
1669,8.749907e-05
1670,0.00044305352
1671,0.0012678311
1672,0.0012427281
1673,0.00019870889
1674,5.0096216e-05
1675,0.052454643
1676,0.00027293104
1677,0.0006626766
1678,2.0796473e-05
1679,3.160425e-05
1680,0.07617726
1681,0.010035035
1682,0.022945717
1683,0.00031037518
1684,0.11088011
1685,0.00012281632
1686,5.7579622e-05
1687,1.8827113e-05
1688,0.0004909107
1689,8.617789e-05
1690,0.00040290446
1691,0.00093586504
1692,0.0010452081
1693,7.9995116e-05
1694,9.798507e-05
1695,0.0011141521
1696,0.09152366
1697,0.0005875184
1698,6.619244e-05
1699,2.9524244e-05
1700,0.0033859967
1701,0.08947981
1702,0.0003659038
1703,0.00023274896
1704,0.5122487
1705,0.00016758913
1706,0.00042643605
1707,4.6861223e-05
1708,0.00018012707
1709,0.0016062236
1710,0.00011857657
1711,0.008502182
1712,6.343478e-05
1713,0.0009071481
1714,0.0018126855
1715,3.0230913e-05
1716,0.00011283331
1717,0.00040089092
1718,0.0005192492
1719,0.01638013
1720,0.0004925017
1721,3.429216e-05
1722,3.315533e-05
1723,0.00021136657
1724,0.0017484889
1725,0.0113438545
1726,0.053583436
1727,0.00012084411
1728,0.004733176
1729,0.00015229681
1730,7.829031e-05
1731,0.87924063
1732,0.00013189878
1733,1.2202191e-05
1734,3.2828408e-05
1735,7.498267e-05
1736,6.157974e-05
1737,0.000275234
1738,0.00026717008
1739,1.3708154e-05
1740,0.00011054179
1741,0.00016100358
1742,0.00053101365
1743,0.00015043639
1744,7.019481e-05
1745,0.0001319409
1746,0.00025977448
1747,0.000322246
1748,1.6061886e-05
1749,0.0001686899
1750,0.001341181
1751,0.003446636
1752,0.0029539354
1753,8.553349e-05
1754,1.570708e-05
1755,0.0010554584
1756,0.00013526103
1757,0.00011506518
1758,9.410165e-05
1759,9.3402894e-05
1760,0.049533915
1761,6.7584847e-06
1762,0.0005036305
1763,7.3647505e-05
1764,0.00047154396
1765,0.20668507
1766,8.974461e-05
1767,0.009306623
1768,7.5801756e-05
1769,0.00033589537
1770,4.2344946e-05
1771,0.21320584
1772,0.0001989163
1773,8.706491e-06
1774,0.00087599165
1775,0.003317352
1776,0.00011002859
1777,0.00010451816
1778,0.00028322858
1779,0.00050042884
1780,0.0034490018
1781,5.2705924e-05
1782,2.8468514e-05
1783,0.0001498627
1784,0.00013457224
1785,0.000546577
1786,6.210236e-05
1787,4.4472097e-05
1788,0.0016669846
1789,0.0005866354
1790,0.00023984528
1791,0.0001860747
1792,8.13467e-05
1793,0.00058204593
1794,0.0039403955
1795,0.00042118385
1796,3.9348364e-05
1797,0.0020519597
1798,0.0035324304
1799,0.021967402
1800,0.006550426
1801,0.00023566169
1802,3.250917e-05
1803,1.4999637e-05
1804,0.00013289701
1805,0.000111182424
1806,0.00048366
1807,0.0032904325
1808,1.3578591e-05
1809,0.4528127
1810,0.00080892496
1811,0.0010624116
1812,0.0005263022
1813,0.021202622
1814,0.036607716
1815,0.00045325418
1816,0.00225156
1817,4.4531935e-05
1818,2.9096564e-05
1819,0.00013821441
1820,0.0006814133
1821,5.1052452e-06
1822,0.0028139825
1823,0.0010082733
1824,0.0002996175
1825,4.7171623e-05
1826,0.00011376796
1827,0.0029092806
1828,0.00040167227
1829,0.00091470213
1830,0.010225512
1831,0.06463123
1832,0.06417248
1833,0.033113487
1834,0.9518562
1835,2.7763615e-05
1836,0.0004862899
1837,2.579823e-05
1838,0.012964307
1839,0.007611465
1840,0.00037065963
1841,0.05584926
1842,6.5219945e-05
1843,0.019537952
1844,0.08517171
1845,0.0002458493
1846,8.878148e-05
1847,0.100671045
1848,0.00853356
1849,0.00090683135
1850,7.2584306e-05
1851,0.0011029604
1852,0.45230204
1853,4.5932848e-05
1854,0.0008439907
1855,0.00012125515
1856,2.4153347e-05
1857,6.501887e-05
1858,1.36637655e-05
1859,5.579504e-05
1860,0.0035478177
1861,4.518752e-05
1862,0.03242778
1863,0.0011881748
1864,2.1080314e-05
1865,0.00015017124
1866,0.013749529
1867,0.002508188
1868,0.0001099384
1869,0.018423563
1870,0.057260156
1871,0.042858653
1872,0.00202731
1873,0.00040114173
1874,0.00025607503
1875,6.598464e-06
1876,1.6263231e-05
1877,7.42726e-05
1878,0.009486529
1879,0.10135611
1880,8.9532026e-05
1881,0.14235383
1882,8.835143e-05
1883,0.00010114826
1884,0.0038892212
1885,4.8013826e-05
1886,7.990149e-05
1887,0.021307454
1888,0.00064339454
1889,0.00022385966
1890,3.9105733e-05
1891,9.467154e-06
1892,2.1073438e-05
1893,6.520806e-05
1894,5.043506e-05
1895,2.3317867e-05
1896,5.3429332e-05
1897,0.0004738724
1898,7.4524025e-05
1899,0.0045554973
1900,0.09436556
1901,0.010685176
1902,0.00034134986
1903,6.255067e-05
1904,4.6802987e-05
1905,0.0013836516
1906,4.5656016e-05
1907,0.00012325852
1908,1.5529466e-05
1909,0.0011302383
1910,0.003221913
1911,2.5740259e-05
1912,0.0019899672
1913,0.009995883
1914,0.00024781792
1915,0.00017406949
1916,0.0007625152
1917,0.0011592805
1918,5.9709215e-05
1919,0.053584076
1920,2.1454685e-05
1921,1.5615213e-05
1922,3.3874854e-05
1923,0.90313184
1924,2.7440718e-05
1925,0.00042582265
1926,0.0011026863
1927,0.004204184
1928,0.0068651754
1929,1.1881048e-05
1930,0.04969722
1931,3.9037473e-05
1932,1.8297504e-05
1933,2.3429764e-05
1934,3.0406823e-05
1935,0.00044794567
1936,0.008182359
1937,0.0002549882
1938,0.00058144814
1939,1.8076542e-05
1940,9.875284e-05
1941,5.2258e-05
1942,0.16633493
1943,1.1738085e-05
1944,0.13870445
1945,0.014458441
1946,1.3013022e-05
1947,0.000101136204
1948,0.00049274473
1949,0.00011439521
1950,8.033836e-05
1951,0.012356497
1952,0.01936891
1953,0.00018913152
1954,2.7907516e-05
1955,0.0029620598
1956,0.00045450454
1957,0.19413272
1958,1.2862239e-05
1959,0.0011414841
1960,0.003377243
1961,5.810512e-05
1962,0.56306267
1963,0.012311602
1964,0.0017018327
1965,0.0039003303
1966,0.0073449016
1967,0.00066833507
1968,5.1899082e-05
1969,0.00028167642
1970,0.0001866695
1971,6.1031198e-05
1972,0.00082634774
1973,0.00010286114
1974,4.243934e-05
1975,0.0015784326
1976,1.6418506e-05
1977,0.0001423876
1978,0.03315781
1979,0.017011188
1980,0.0002526712
1981,0.00022055986
1982,1.7520311e-05
1983,0.015662376
1984,2.331849e-05
1985,0.0017525177
1986,0.00012594901
1987,0.0074617877
1988,7.723134e-05
1989,0.0006929814
1990,4.8822618e-05
1991,0.018484421
1992,0.00033972968
1993,0.00025635204
1994,6.360451e-05
1995,0.000300443
1996,0.091654725
1997,0.00043820112
1998,5.7886886e-05
1999,0.00027873617
2000,0.00036779777
2001,0.44689372
2002,2.643346e-05
2003,0.0020751117
2004,1.44143205e-05
2005,0.00011941305
2006,8.6881155e-05
2007,0.011721063
2008,0.00012112052
2009,6.423691e-05
2010,0.00096899463
2011,2.9021989e-05
2012,0.0006939502
2013,0.01252273
2014,5.878261e-05
2015,0.012765478
2016,0.0010204677
2017,0.0005285421
2018,0.04165548
2019,3.8999e-05
2020,8.334426e-05
2021,3.3547807e-05
2022,0.0030062404
2023,0.00046095293
2024,3.978147e-05
2025,0.022051279
2026,0.0004181572
2027,0.036229245
2028,1.2910142e-05
2029,0.00039841738
2030,1.8229577e-05
2031,0.006678965
2032,0.00080012134
2033,7.678683e-05
2034,0.00018318833
2035,0.00022534284
2036,1.50964315e-05
2037,0.00056276703
2038,0.0006009197
2039,3.2490236e-05
2040,0.0029806914
2041,0.0038006522
2042,8.5409025e-05
2043,0.000130696
2044,3.8181966e-05
2045,0.0014572005
2046,0.00036182074
2047,0.0011692608
2048,0.0017081429
2049,0.3440019
2050,0.431704
2051,0.00035523417
2052,4.799675e-05
2053,1.9521864e-05
2054,0.00017304858
2055,0.92044014
2056,0.0013306938
2057,0.00093444565
2058,0.0052315034
2059,3.0642583e-05
2060,3.924804e-05
2061,4.5334185e-05
2062,2.7687176e-05
2063,0.00012938211
2064,5.5974047e-05
2065,0.0030493771
2066,0.00013870012
2067,9.802217e-05
2068,0.009354472
2069,0.0007961509
2070,0.031702723
2071,0.27725762
2072,0.00024519456
2073,0.0006766746
2074,2.8630453e-05
2075,0.00032936112
2076,0.00015440931
2077,0.00010156115
2078,2.0283102e-05
2079,0.06795963
2080,0.04692818
2081,2.0629363e-05
2082,2.067332e-05
2083,3.952418e-05
2084,0.0017133239
2085,1.0886371e-05
2086,0.00020165513
2087,0.00012014553
2088,0.4906211
2089,0.0085878605
2090,2.4074583e-05
2091,2.6080575e-05
2092,0.0010882741
2093,3.372262e-05
2094,6.868849e-05
2095,2.592564e-05
2096,0.00079547026
2097,5.1815165e-05
2098,0.04140452
2099,0.00012880393
2100,0.0045658797
2101,0.00017715023
2102,7.293442e-05
2103,3.6638772e-05
2104,0.058998693
2105,0.00013533057
2106,2.7403505e-05
2107,5.8404272e-05
2108,0.0001629465
2109,0.0060698306
2110,9.170459e-05
2111,0.00013195211
2112,2.437816e-05
2113,2.9882001e-05
2114,0.082265735
2115,4.7531874e-05
2116,7.933533e-05
2117,2.5122405e-05
2118,2.000139e-05
2119,0.0006829489
2120,0.013267238
2121,7.588978e-05
2122,2.6980106e-05
2123,0.00049991946
2124,5.3464504e-05
2125,0.0016823186
2126,1.4898049e-05
2127,0.105578035
2128,0.00039254664
2129,0.0013839244
2130,0.0007944631
2131,0.0008990013
2132,6.15038e-05
2133,0.7831321
2134,0.0001848859
2135,2.855615e-05
2136,5.5278564e-05
2137,0.0014584513
2138,9.663918e-05
2139,0.0011670187
2140,9.448036e-05
2141,9.5436124e-05
2142,0.003912513
2143,3.622661e-05
2144,2.764417e-05
2145,0.00073120854
2146,0.38805133
2147,0.006383861
2148,0.013315402
2149,0.006278926
2150,0.00035070477
2151,0.0036175377
2152,1.9630255e-05
2153,0.10670459
2154,0.00036488753
2155,0.00025586635
2156,6.936186e-05
2157,0.00013903037
2158,0.0021072598
2159,3.4973255e-05
2160,0.0006371111
2161,0.0005087398
2162,5.2944553e-05
2163,1.1169226e-05
2164,0.0086804
2165,6.7201356e-05
2166,0.0029161242
2167,4.108647e-05
2168,4.908161e-05
2169,0.00027025669
2170,3.8376278e-05
2171,2.1407026e-05
2172,1.9378944e-05
2173,0.010508872
2174,0.028908078
2175,4.1172407e-05
2176,0.00027080506
2177,0.006343233
2178,0.010859399
2179,2.6781361e-05
2180,0.003083657
2181,0.0027220051
2182,4.214231e-05
2183,7.7869256e-05
2184,5.2629286e-05
2185,0.00010980848
2186,0.000366764
2187,0.000113291615
2188,0.0038942362
2189,0.068436906
2190,4.425899e-05
2191,2.275015e-05
2192,2.1540112e-05
2193,0.017729813
2194,4.535611e-05
2195,0.0014796596
2196,0.0013975797
2197,0.00020577418
2198,2.6207981e-05
2199,0.00013501247
2200,0.00015270514
2201,1.4351704e-05
2202,2.197955e-05
2203,0.92561877
2204,3.3129258e-05
2205,0.0011125077
2206,0.010859399
2207,0.12752336
2208,0.00208092
2209,0.0059608286
2210,0.9447284
2211,6.3686864e-05
2212,0.001294434
2213,0.00039935642
2214,0.005832289
2215,0.0038333284
2216,5.79933e-05
2217,0.05396308
2218,0.0010736387
2219,0.0002823144
2220,0.0030266016
2221,0.00044530054
2222,0.0016685184
2223,6.457983e-05
2224,0.003070244
2225,0.007596798
2226,0.048416395
2227,6.8965135e-05
2228,0.17691632
2229,0.00011653111
2230,0.00019763735
2231,0.006312486
2232,0.0012691915
2233,0.0039825463
2234,0.012404184
2235,1.21333915e-05
2236,0.0021194234
2237,0.00020226883
2238,7.445598e-05
2239,0.00029034904
2240,0.15199216
2241,4.941044e-05
2242,0.12936175
2243,0.0005838269
2244,0.00090270163
2245,5.9235594e-05
2246,0.0008468864
2247,9.078897e-05
2248,2.6578677e-05
2249,0.007708351
2250,4.0317915e-05
2251,2.6926666e-05
2252,0.00017109697
2253,0.00046472598
2254,5.7072528e-05
2255,2.411682e-05
2256,0.00016687221
2257,0.0030639106
2258,0.00016515014
2259,0.00018418368
2260,0.00024943508
2261,8.626439e-05
2262,0.00010396351
2263,0.020379636
2264,0.00010043109
2265,0.00027349917
2266,9.654824e-06
2267,0.00010975247
2268,0.34663922
2269,0.00013221535
2270,0.00032256625
2271,0.00015774717
2272,0.0019118667
2273,2.3540717e-05
2274,0.0010778167
2275,0.00043662
2276,5.6958404e-05
2277,0.00015961731
2278,0.00017929105
2279,0.00010123665
2280,0.0016410117
2281,0.00019319734
2282,2.2849537e-05
2283,0.00057657936
2284,0.031183073
2285,0.0005077029
2286,0.0034462824
2287,0.01270129
2288,0.00014426826
2289,7.700205e-05
2290,0.004510011
2291,4.6289686e-05
2292,5.8955626e-05
2293,0.00017803092
2294,6.9861104e-05
2295,4.5425106e-05
2296,0.0029775498
2297,0.0002514554
2298,0.04908387
2299,0.0017543797
2300,9.313439e-05
2301,0.00043065782
2302,0.00013747741
2303,5.76973e-05
2304,0.00015128279
2305,0.0036127933
2306,6.278553e-05
2307,0.17781977
2308,3.6042737e-05
2309,0.004270677
2310,0.00023439826
2311,6.549836e-05
2312,0.002640569
2313,0.00038703886
2314,3.193186e-05
2315,4.5885346e-05
2316,0.00010660712
2317,0.1863376
2318,0.010422164
2319,0.00016685535
2320,0.7234337
2321,0.03417027
2322,0.5742252
2323,0.0010496461
2324,6.8388625e-05
2325,0.0003552682
2326,0.001016951
2327,0.010209633
2328,0.0031750575
2329,7.45974e-05
2330,0.017934352
2331,0.84387094
2332,0.018044014
2333,7.7117715e-05
2334,0.00070306764
2335,0.00031340902
2336,0.027443456
2337,0.04725055
2338,0.00030950172
2339,0.00014930457
2340,0.008884047
2341,0.0077849883
2342,0.01824658
2343,0.0004304604
2344,0.00012716326
2345,0.0041971947
2346,6.6901215e-05
2347,0.00014828176
2348,0.015021971
2349,0.00013440245
2350,7.78867e-05
2351,0.00010850695
2352,0.0030628985
2353,0.00010263451
2354,0.00014762112
2355,0.0003826177
2356,0.0007453298
2357,0.00032072302
2358,2.9292063e-05
2359,5.026624e-05
2360,0.013228374
2361,0.00014468527
2362,0.0023410723
2363,0.06911526
2364,8.029639e-05
2365,0.023143006
2366,2.7067677e-05
2367,0.0016271741
2368,0.00014201728
2369,0.00012821586
2370,0.00035250228
2371,0.013802958
2372,0.0005151353
2373,2.487331e-05
2374,8.971296e-05
2375,0.0009622378
2376,0.00019144228
2377,0.00025756157
2378,0.00038491978
2379,0.00089441746
2380,5.478923e-05
2381,0.15066475
2382,0.00013287661
2383,0.00043409324
2384,0.004908859
2385,0.017198352
2386,2.0313937e-05
2387,8.042958e-05
2388,0.00011638874
2389,4.895148e-05
2390,0.0009466052
2391,0.005001447
2392,0.0002613176
2393,0.12763499
2394,2.3092522e-05
2395,0.000220074
2396,0.0007958323
2397,4.2190808e-05
2398,2.5155634e-05
2399,0.00026659656
2400,0.001787586
2401,0.00023669799
2402,0.0008040105
2403,0.0018722712
2404,0.00016945777
2405,7.062835e-05
2406,0.0010286375
2407,0.020368867
2408,0.0017858996
2409,5.7412395e-05
2410,0.0003270669
2411,0.00020084823
2412,0.0031864129
2413,0.00027748334
2414,0.001219382
2415,0.028925188
2416,0.0023874682
2417,5.8055884e-05
2418,4.380604e-05
2419,9.908241e-05
2420,8.492872e-05
2421,0.0014697241
2422,0.0002527965
2423,0.000427031
2424,2.4135019e-05
2425,3.576393e-05
2426,2.6344273e-05
2427,0.0003079048
2428,0.0073626987
2429,0.0003256267
2430,0.00025279963
2431,0.0011573221
2432,0.00016236132
2433,0.0011536018
2434,0.00059767737
2435,0.050929755
2436,5.4332715e-05
2437,1.980328e-05
2438,4.453784e-05
2439,0.00035614072
2440,0.0024695166
2441,0.008214447
2442,3.7040216e-05
2443,6.528148e-05
2444,0.00038212741
2445,0.0028635769
2446,0.0019203896
2447,0.3375838
2448,0.000173955
2449,0.012492823
2450,0.9992349
2451,0.0018484321
2452,5.967745e-05
2453,0.0012484792
2454,5.7278416e-05
2455,0.00026595348
2456,0.03935405
2457,0.0003869636
2458,0.0006432143
2459,0.0006336932
2460,0.0048168357
2461,0.05907666
2462,1.5673682e-05
2463,0.0041818824
2464,5.7427173e-05
2465,2.3680725e-05
2466,0.040520407
2467,6.617856e-05
2468,0.000101916135
2469,2.9732797e-05
2470,1.7994447e-05
2471,0.000980047
2472,0.00080648664
2473,0.00023707471
2474,0.0030705447
2475,2.26095e-05
2476,0.0011852494
2477,0.0003838778
2478,0.027862506
2479,7.1412884e-05
2480,0.00012523549
2481,7.1908753e-06
2482,0.00047429992
2483,0.0013577932
2484,1.8651479e-05
2485,0.016044844
2486,0.022251327
2487,0.00031821002
2488,0.00035627332
2489,9.5466516e-05
2490,0.004059461
2491,0.000733039
2492,0.0006308122
2493,0.00020654866
2494,0.0059227
2495,0.0045704483
2496,0.00087810477
2497,0.001394174
2498,0.00029791356
2499,0.0020523816
2500,0.0003743539
2501,0.00019558235
2502,0.0003532683
2503,0.00033229907
2504,8.637131e-05
2505,0.0002862364
2506,2.8205659e-05
2507,0.021163274
2508,0.00035115075
2509,0.01401665
2510,0.009203733
2511,0.001082736
2512,9.4101466e-05
2513,0.0017325808
2514,0.00092245085
2515,0.00014351417
2516,0.036905788
2517,0.0004526844
2518,1.3943783e-05
2519,2.7699141e-05
2520,0.025524145
2521,0.028310336
2522,0.0021533065
2523,0.00018076488
2524,0.0042047286
2525,0.00040238397
2526,4.100095e-05
2527,0.0015360021
2528,2.863362e-05
2529,0.0020689552
2530,3.2112275e-05
2531,0.00026443115
2532,2.6601703e-05
2533,9.5277624e-05
2534,0.018183626
2535,6.634904e-05
2536,0.008861654
2537,1.2522208e-05
2538,3.2891614e-05
2539,0.0040449775
2540,0.044230558
2541,0.00012804444
2542,0.00040421824
2543,0.59494036
2544,0.010962369
2545,4.2579646e-05
2546,0.0022136834
2547,0.00061084237
2548,0.011010902
2549,8.711186e-05
2550,0.00046383886
2551,0.0048492556
2552,0.00024114312
2553,0.000199368
2554,0.0012137954
2555,3.240925e-05
2556,2.5098052e-05
2557,3.402767e-05
2558,0.9868519
2559,0.0008290534
2560,5.7826852e-05
2561,0.000106129904
2562,3.0190982e-05
2563,4.1404714e-05
2564,0.00011303469
2565,0.0001738686
2566,0.0030351474
2567,0.0023483671
2568,2.9984252e-05
2569,0.006451644
2570,0.0011046592
2571,0.0074020997
2572,0.013854023
2573,0.93532664
2574,0.000113338945
2575,0.040824044
2576,3.4806693e-05
2577,0.00083062577
2578,0.00017447311
2579,0.0013468958
2580,4.3720065e-05
2581,0.03692914
2582,3.60158e-05
2583,1.759447e-05
2584,0.0004187428
2585,0.00038182246
2586,8.577027e-05
2587,4.6217967e-05
2588,3.1127613e-05
2589,0.00095153105
2590,1.7173072e-05
2591,0.00010766449
2592,3.4281988e-05
2593,7.2686125e-05
2594,0.06809015
2595,0.01340325
2596,0.016457837
2597,0.0014066221
2598,7.845271e-05
2599,0.00070785347
2600,0.00012581781
2601,5.9481717e-05
2602,0.00011859839
2603,3.1128e-05
2604,4.5910907e-05
2605,0.00025042827
2606,0.23333693
2607,0.037967987
2608,0.01174335
2609,0.0005900605
2610,8.490734e-05
2611,6.098012e-05
2612,5.409361e-05
2613,0.0018402342
2614,0.00030416204
2615,0.00018477558
2616,0.0006490162
2617,3.1891384e-05
2618,0.00090724573
2619,0.0011493121
2620,0.9951616
2621,2.1214222e-05
2622,0.00043702708
2623,0.0009540925
2624,8.081827e-06
2625,0.00032358855
2626,0.00015329219
2627,0.000402599
2628,0.00011730059
2629,0.00010003748
2630,0.00014880585
2631,0.28692836
2632,7.564211e-05
2633,0.00045498463
2634,0.00023717602
2635,0.0001373515
2636,0.0020980202
2637,4.5135064e-05
2638,0.00326549
2639,0.000104715284
2640,7.1775685e-05
2641,0.000102398524
2642,1.4907684e-05
2643,0.00052443164
2644,0.010062561
2645,0.27532655
2646,0.00014107667
2647,4.76248e-05
2648,0.08646264
2649,2.5095635e-05
2650,0.0166896
2651,7.746834e-05
2652,4.419661e-05
2653,0.00010909106
2654,0.0012497237
2655,0.0012862337
2656,0.00010663203
2657,0.99722844
2658,9.078127e-05
2659,3.520646e-05
2660,0.002045691
2661,0.0005988491
2662,0.00012009158
2663,0.00013509256
2664,0.00075205567
2665,0.015783738
2666,4.3378528e-05
2667,1.838452e-05
2668,9.266805e-05
2669,2.1887412e-05
2670,7.9182275e-05
2671,0.87664
2672,0.0022525042
2673,3.7064387e-05
2674,0.0003011634
2675,0.053322084
2676,0.45082697
2677,0.0014515518
2678,0.0007194781
2679,0.00017748534
2680,6.719706e-05
2681,0.0015903134
2682,9.132472e-05
2683,0.00018094681
2684,0.0025368421
2685,0.022510864
2686,0.0015407512
2687,0.0006623577
2688,3.1039424e-05
2689,0.0006855698
2690,0.00030016815
2691,0.00015106067
2692,2.5871033e-05
2693,0.022132784
2694,6.560487e-05
2695,1.9247402e-05
2696,0.00064800476
2697,8.6835265e-05
2698,9.81519e-05
2699,0.23790213
2700,0.067565225
2701,0.000970368
2702,0.000112989
2703,0.00020752584
2704,0.00049664226
2705,0.000101637306
2706,0.00040720284
2707,0.00013986288
2708,2.0924368e-05
2709,0.00036820857
2710,0.65247655
2711,0.00040175766
2712,0.01883654
2713,0.0008766505
2714,9.065808e-06
2715,0.00038963748
2716,7.503024e-05
2717,0.08099309
2718,0.0011534058
2719,0.00046109615
2720,0.00015027123
2721,0.0067779096
2722,0.0018525841
2723,2.6963979e-05
2724,0.0001327492
2725,9.849347e-05
2726,0.0005627327
2727,0.0005587765
2728,0.0010111906
2729,8.392687e-05
2730,0.00022874602
2731,2.7543465e-05
2732,0.005359398
2733,0.0001903663
2734,4.092887e-05
2735,0.00015076337
2736,0.016640216
2737,0.00182017
2738,0.0030725247
2739,0.00021377704
2740,8.15547e-05
2741,0.009653449
2742,0.0020143795
2743,0.0020892215
2744,0.0010872853
2745,0.024525005
2746,0.00014848736
2747,1.6090478e-05
2748,0.00018193033
2749,0.011770252
2750,9.552358e-06
2751,0.0002475775
2752,0.0004341036
2753,0.0046772785
2754,0.00044341304
2755,0.022301652
2756,0.0011423668
2757,4.012311e-05
2758,0.00092353125
2759,0.058642443
2760,8.375792e-05
2761,0.00012505733
2762,0.000110151625
2763,0.00056304416
2764,0.0013418288
2765,0.00023422045
2766,0.0008526784
2767,0.0001058994
2768,0.00014618562
2769,0.014502121
2770,0.024212286
2771,0.08045095
2772,0.00013746614
2773,0.0006206095
2774,0.00010387927
2775,0.00015666042
2776,0.0032994258
2777,0.0003153097
2778,3.6828464e-05
2779,0.00061003014
2780,2.3658175e-05
2781,0.013095511
2782,0.001473054
2783,0.6425735
2784,0.004991301
2785,5.6436867e-05
2786,0.00019183602
2787,0.0001895536
2788,0.007900468
2789,0.00020112898
2790,0.0002814705
2791,0.00025532633
2792,0.0011581283
2793,4.289996e-05
2794,0.00013334307
2795,6.327824e-05
2796,0.00012163672
2797,0.00020705089
2798,0.00015451816
2799,0.0005994216
2800,3.316833e-05
2801,8.8002904e-05
2802,0.00020849866
2803,2.0834883e-05
2804,0.00020200016
2805,0.00028334392
2806,0.00013912864
2807,0.0002643777
2808,0.00025172814
2809,0.00031299458
2810,0.0025768233
2811,5.398354e-05
2812,6.099012e-05
2813,0.018985508
2814,0.20606554
2815,0.0007229721
2816,0.001091332
2817,0.00017354132
2818,0.003125333
2819,0.0004353194
2820,0.0162212
2821,7.5022817e-06
2822,0.0002935421
2823,0.000105283994
2824,0.00020198553
2825,0.0007176412
2826,0.00039267857
2827,7.32988e-05
2828,0.0003178359
2829,1.7450142e-05
2830,0.06911526
2831,0.06898154
2832,0.00075548334
2833,0.011576975
2834,0.0026223888
2835,1.2059803e-05
2836,0.010555014
2837,3.0328372e-05
2838,0.33755013
2839,0.029106513
2840,7.6060984e-05
2841,0.00025868355
2842,0.00371869
2843,0.00026158956
2844,0.00010004035
2845,7.592372e-05
2846,0.015882695
2847,0.00039686242
2848,0.00051990914
2849,0.0009932824
2850,5.4411583e-05
2851,0.01811463
2852,3.6040055e-05
2853,4.234357e-05
2854,0.0005091529
2855,0.032579403
2856,0.00024414854
2857,0.0048613837
2858,0.00015650215
2859,0.0014678555
2860,0.0026149037
2861,5.86021e-05
2862,5.099559e-05
2863,0.0002207309
2864,0.917107
2865,6.376757e-05
2866,0.000288083
2867,2.97231e-05
2868,0.0014442756
2869,0.00040266468
2870,5.5377597e-05
2871,2.0657357e-05
2872,8.768685e-05
2873,0.003349769
2874,8.2761995e-05
2875,1.3006905e-05
2876,2.7991906e-05
2877,0.00088242895
2878,0.00019372803
2879,0.00086171523
2880,0.0007465574
2881,0.00030402985
2882,8.4008054e-05
2883,0.001047629
2884,0.00015171964
2885,0.00010434479
2886,0.0006020063
2887,0.0042758873
2888,1.7308123e-05
2889,0.00036608597
2890,0.00016477249
2891,0.0040487926
2892,0.34204787
2893,0.00013014147
2894,3.9617917e-05
2895,3.4930825e-05
2896,5.641411e-05
2897,0.0005857529
2898,0.007821453
2899,0.000735658
2900,2.222161e-05
2901,0.0015466036
2902,0.0060195834
2903,0.00015826998
2904,0.00014633386
2905,0.000112135785
2906,0.008841624
2907,0.00013191953
2908,0.0009218433
2909,3.838393e-05
2910,5.3015894e-05
2911,6.381034e-05
2912,0.16201743
2913,0.00069287076
2914,8.9388115e-05
2915,0.013253256
2916,0.0006553774
2917,0.0002735302
2918,2.6144326e-05
2919,0.00015528518
2920,0.00010296437
2921,2.7345002e-05
2922,9.608528e-05
2923,0.00068369263
2924,8.3866784e-05
2925,5.4092372e-05
2926,0.0005467625
2927,8.208307e-05
2928,0.0003451196
2929,3.5237397e-05
2930,0.00010604624
2931,0.00021126383
2932,0.0016207064
2933,0.00010762846
2934,4.0116487e-05
2935,3.7493082e-05
2936,0.00015905456
2937,0.00067490054
2938,5.6127235e-05
2939,0.02068233
2940,4.310537e-05
2941,0.0054684835
2942,0.0003126182
2943,0.00040270915
2944,2.6442864e-05
2945,7.571499e-05
2946,7.013626e-05
2947,0.11919391
2948,6.923372e-05
2949,0.002302887
2950,0.005435951
2951,0.011532062
2952,0.0013776702
2953,0.0011384675
2954,0.0001316437
2955,5.4367545e-05
2956,0.002699589
2957,6.622458e-05
2958,1.636136e-05
2959,6.1244406e-05
2960,0.00013102543
2961,0.012151949
2962,0.00011126324
2963,4.051433e-05
2964,0.0026697551
2965,0.00044829873
2966,0.0013585913
2967,0.0031064912
2968,5.5031094e-05
2969,2.9988285e-05
2970,0.0010988839
2971,0.0012274635
2972,6.518493e-05
2973,0.00014073016
2974,6.422987e-05
2975,0.00068775745
2976,0.00065774395
2977,0.011775389
2978,0.003395197
2979,0.00020439268
2980,0.0003554691
2981,0.00079883495
2982,0.0014601258
2983,0.0050649247
2984,2.6625255e-05
2985,0.00013416813
2986,0.00031716752
2987,0.022651928
2988,7.327217e-05
2989,0.00024268641
2990,0.0012536251
2991,0.0017894283
2992,0.024141002
2993,0.00032429886
2994,0.00010201521
2995,9.051279e-05
2996,2.043528e-05
2997,0.0003539361
2998,0.00015283521
2999,4.671532e-05
3000,4.222647e-05
3001,3.9128154e-05
3002,0.0032153071
3003,1.954101e-05
3004,4.930966e-05
3005,0.000999197
3006,0.6925251
3007,8.498656e-05
3008,5.5731543e-05
3009,0.0008335773
3010,0.8546757
3011,5.302535e-05
3012,0.027579296
3013,5.0157596e-05
3014,7.558442e-05
3015,0.012631786
3016,0.0002451609
3017,3.7486254e-05
3018,0.09058043
3019,8.707782e-05
3020,0.014107728
3021,6.9613256e-05
3022,0.00021973327
3023,4.2358555e-05
3024,8.4599575e-05
3025,0.002066516
3026,0.00049293705
3027,0.012544099
3028,2.7750937e-05
3029,0.0049254214
3030,8.178835e-05
3031,6.9391426e-05
3032,0.00013827847
3033,0.00012713345
3034,0.0021672857
3035,0.006563665
3036,3.593682e-05
3037,0.031949144
3038,3.3647837e-05
3039,0.0011490713
3040,0.0001290572
3041,6.034161e-05
3042,0.8290371
3043,3.2948436e-05
3044,0.00037761
3045,0.40099734
3046,0.0065536136
3047,0.11666792
3048,0.027769515
3049,5.4105218e-05
3050,0.00035040954
3051,2.4986333e-05
3052,7.5022817e-06
3053,8.023064e-05
3054,0.039516013
3055,0.00020373192
3056,0.00010584893
3057,0.0011235034
3058,0.0018160164
3059,5.9217746e-05
3060,0.0021426016
3061,2.1277538e-05
3062,5.0332626e-05
3063,0.00035396294
3064,6.700861e-05
3065,0.00017898428
3066,0.00012059168
3067,0.0005718662
3068,0.0051407353
3069,0.000891737
3070,6.8388625e-05
3071,0.0010703079
3072,0.00025942127
3073,0.00045493868
3074,0.0021310304
3075,0.0025969578
3076,0.0012338203
3077,0.0073250355
3078,3.1909607e-05
3079,3.1827854e-05
3080,0.0040687174
3081,0.0013465111
3082,6.545216e-05
3083,0.018664205
3084,5.9640468e-05
3085,3.0602223e-05
3086,8.002754e-06
3087,3.8252052e-05
3088,0.09991731
3089,0.000111646164
3090,0.0062283217
3091,3.050034e-05
3092,7.436643e-05
3093,9.849261e-05
3094,0.4277764
3095,0.006079677
3096,0.0001071157
3097,0.00022628912
3098,9.1785165e-05
3099,0.010765914
3100,0.00017891038
3101,0.0014138974
3102,2.3562841e-05
3103,2.185279e-05
3104,0.0031627137
3105,0.0021063206
3106,5.9125487e-05
3107,0.0004267866
3108,5.233989e-05
3109,0.0002024089
3110,0.00057447783
3111,0.0015559953
3112,4.809003e-05
3113,9.472827e-05
3114,0.031816408
3115,4.5257646e-05
3116,3.2817046e-05
3117,0.0026048832
3118,8.832541e-05
3119,0.00014300519
3120,5.303359e-05
3121,0.0001551113
3122,0.00023289946
3123,7.325456e-05
3124,0.00085831364
3125,0.00014697727
3126,0.026157105
3127,0.072603434
3128,0.0016141835
3129,5.3184467e-05
3130,4.5363984e-05
3131,6.299694e-05
3132,0.9907231
3133,0.055265997
3134,0.013479736
3135,0.00026289973
3136,2.9736284e-05
3137,0.00029695878
3138,3.8599803e-05
3139,0.012673336
3140,2.6340906e-05
3141,0.00022084184
3142,7.152541e-05
3143,9.2332775e-05
3144,1.5670528e-05
3145,0.00037965068
3146,0.0012501517
3147,1.824236e-05
3148,8.286939e-05
3149,6.0288745e-05
3150,0.00016949816
3151,0.00010415015
3152,0.00017771784
3153,0.01163687
3154,0.0003714552
3155,7.906043e-05
3156,4.2957272e-05
3157,5.043506e-05
3158,0.018686619
3159,0.0013206764
3160,0.32760927
3161,0.000778307
3162,0.0053478377
3163,0.10664945
3164,0.003187396
3165,0.0002969571
3166,0.0009852101
3167,2.495828e-05
3168,0.0009075211
3169,8.059115e-06
3170,3.5093093e-05
3171,0.00166083
3172,0.00047611812
3173,6.610621e-05
3174,0.0032789565
3175,0.00035369393
3176,6.351343e-06
3177,0.00018688642
3178,3.59397e-05
3179,0.006597902
3180,0.00013152714
3181,0.0029780578
3182,0.00025890782
3183,0.0006323912
3184,0.0003458056
3185,0.0008553299
3186,8.448002e-05
3187,0.05905759
3188,0.08673596
3189,9.632843e-06
3190,2.41283e-05
3191,0.008510108
3192,0.017934436
3193,0.0008803721
3194,0.012043398
3195,0.00017090407
3196,6.0561128e-05
3197,3.4806395e-05
3198,0.0071714716
3199,6.0656148e-05
3200,0.0021788657
3201,0.00025137965
3202,6.399632e-05
3203,0.0069097225
3204,0.040682048
3205,7.0898546e-05
3206,3.6701895e-05
3207,2.188071e-05
3208,0.005492407
3209,2.6011921e-05
3210,0.00013564838
3211,0.0017757735
3212,0.15902053
3213,0.00041025932
3214,0.04655519
3215,0.01067999
3216,1.8757739e-05
3217,0.0043208543
3218,0.0010287125
3219,0.0001863908
3220,0.0012612862
3221,0.0063441135
3222,2.596196e-05
3223,2.7341039e-05
3224,0.0006530262
3225,0.00013246584
3226,2.6867594e-05
3227,3.2939988e-05
3228,0.0006978123
3229,0.0015134037
3230,0.0027085443
3231,0.000630208
3232,1.4399398e-05
3233,0.00010537962
3234,0.118000284
3235,0.0039321096
3236,0.001944049
3237,0.00034607822
3238,0.00014754385
3239,0.00067547744
3240,0.00082048116
3241,0.00016926721
3242,0.00027448215
3243,0.13562293
3244,0.00022380696
3245,1.7932894e-05
3246,0.04296352
3247,0.00055096706
3248,0.0020601617
3249,0.00017518226
3250,4.3092878e-05
3251,0.00049546274
3252,9.065385e-05
3253,8.6124164e-05
3254,6.433666e-05
3255,0.00024375056
3256,0.00022346046
3257,0.00026455597
3258,0.00020702048
3259,0.0001609606
3260,0.025215596
3261,0.0098874895
3262,1.8053732e-05
3263,0.00059534324
3264,0.0002730721
3265,0.00037575548
3266,0.043798584
3267,1.21343055e-05
3268,0.0017570297
3269,0.46462926
3270,0.0019576456
3271,0.00068579556
3272,0.000755496
3273,0.0059282053
3274,0.00032716294
3275,0.0010028195
3276,1.906563e-05
3277,1.6449458e-05
3278,9.413243e-05
3279,3.39149e-05
3280,3.004886e-05
3281,0.25814894
3282,0.753093
3283,0.04295852
3284,0.00853521
3285,0.0004312149
3286,0.00058029493
3287,3.4750843e-05
3288,0.09573882
3289,0.009570693
3290,9.830542e-05
3291,0.000119766795
3292,0.00058881217
3293,0.29749718
3294,0.021202775
3295,0.00017774141
3296,0.023842318
3297,0.0005085505
3298,1.7698909e-05
3299,0.0049440786
3300,0.6372907
3301,0.00041794282
3302,2.5227704e-05
3303,0.00017246332
3304,0.09857816
3305,9.345501e-05
3306,0.000105080886
3307,4.5553516e-05
3308,0.00031818333
3309,0.010891072
3310,2.6235239e-05
3311,0.0046486277
3312,0.0045615626
3313,0.0039859693
3314,0.0032034318
3315,0.222103
3316,2.6558486e-05
3317,6.459467e-05
3318,0.02747454
3319,6.9991474e-05
3320,0.0023201627
3321,0.0016840893
3322,4.2328713e-05
3323,0.0001868702
3324,3.0363415e-05
3325,7.450925e-05
3326,0.038575705
3327,0.01145766
3328,4.2809395e-05
3329,0.05725475
3330,0.016056094
3331,0.00012471495
3332,2.241666e-05
3333,0.00089680817
3334,7.4773816e-05
3335,0.00012416957
3336,0.0034083216
3337,0.02467093
3338,0.0005232223
3339,3.4689354e-05
3340,0.012919902
3341,0.0034901178
3342,0.00012517006
3343,0.0020101708
3344,4.9630125e-05
3345,0.9950237
3346,0.0014316181
3347,0.0019364901
3348,0.004822004
3349,0.03486305
3350,0.021169387
3351,2.7382031e-05
3352,0.0018059511
3353,2.9926376e-05
3354,0.00080672646
3355,6.377749e-05
3356,3.8109756e-05
3357,0.000744618
3358,0.0005979902
3359,0.0014229444
3360,0.023362266
3361,5.572979e-05
3362,0.0021965695
3363,1.5895077e-05
3364,0.0065776217
3365,5.2488293e-05
3366,5.118443e-05
3367,0.02968955
3368,0.00023568729
3369,0.0008728015
3370,0.00030561892
3371,5.6565965e-05
3372,2.0230556e-05
3373,0.0054801814
3374,0.0012008563
3375,0.00020437397
3376,0.0008233115
3377,0.0022281012
3378,0.00013154595
3379,0.00062013563
3380,0.00021732549
3381,3.905628e-05
3382,0.06631238
3383,0.00034152498
3384,0.0001303157
3385,0.00015813558
3386,3.4457444e-05
3387,0.006045459
3388,8.297622e-05
3389,3.959548e-05
3390,0.17626576
3391,0.012962826
3392,0.0008217303
3393,1.2825139e-05
3394,0.00327206
3395,0.0007693249
3396,0.00010909834
3397,0.00012283436
3398,5.4649434e-05
3399,0.009311205
3400,0.0005238755
3401,0.00048706096
3402,0.00016828201
3403,0.0010253896
3404,0.00016369946
3405,0.0049654013
3406,0.0022978352
3407,0.00017904589
3408,8.811458e-05
3409,0.0031846203
3410,0.00016236768
3411,1.6335713e-05
3412,0.26686272
3413,0.00055868784
3414,0.00012650884
3415,0.2623116
3416,0.0012302212
3417,0.001710295
3418,0.5869006
3419,0.0013331503
3420,0.003151243
3421,0.0008731355
3422,0.001423405
3423,1.7320095e-05
3424,0.00012343023
3425,0.001732975
3426,4.2907777e-05
3427,4.952753e-05
3428,3.8226197e-05
3429,8.818755e-05
3430,0.00035601886
3431,1.4281554e-05
3432,0.00010849361
3433,0.003490655
3434,5.5517452e-05
3435,4.3370415e-05
3436,3.7201426e-05
3437,7.7814024e-05
3438,0.0003455616
3439,0.00050534937
3440,0.00011807154
3441,0.072641745
3442,0.0010634257
3443,3.485549e-05
3444,0.006511305
3445,0.0058769523
3446,6.492822e-05
3447,0.006640147
3448,0.0024388873
3449,5.316241e-05
3450,0.0008924642
3451,0.004582674
3452,0.12057812
3453,0.0012123274
3454,4.798595e-05
3455,0.006891331
3456,0.00017028741
3457,0.0008130505
3458,0.0030585176
3459,0.004647617
3460,0.0018035828
3461,1.2406692e-05
3462,0.017896833
3463,3.0565152e-05
3464,0.0016941306
3465,3.1393887e-05
3466,0.00015703641
3467,0.00046050272
3468,3.514591e-05
3469,4.2115753e-05
3470,8.3107276e-05
3471,0.2544334
3472,0.00014969331
3473,0.00016129983
3474,9.980766e-05
3475,0.00036681327
3476,0.0015624819
3477,0.00016953373
3478,0.010913516
3479,0.0010150955
3480,0.34669515
3481,0.00011449714
3482,0.00432211
3483,0.00061516545
3484,1.2554205e-05
3485,1.1649471e-05
3486,0.001647667
3487,0.00035441827
3488,0.00011026859
3489,0.00021393996
3490,0.00014669262
3491,0.0001630116
3492,0.00020255447
3493,5.67978e-05
3494,1.8614555e-05
3495,0.0068579554
3496,2.753372e-05
3497,0.0058430596
3498,0.00014801296
3499,0.00013482771
3500,0.000202184
3501,0.0016815116
3502,6.843689e-05
3503,3.2914017e-05
3504,0.00031349895
3505,0.0007600834
3506,0.030481357
3507,0.00088735076
3508,0.0360009
3509,0.00025216534
3510,0.00018670723
3511,6.496476e-05
3512,0.93973714
3513,0.0016705372
3514,0.0001281825
3515,0.0008809029
3516,0.016980007
3517,0.085200116
3518,0.0002633219
3519,0.0002891435
3520,3.0316689e-05
3521,0.00014655631
3522,0.008061118
3523,0.00033785572
3524,0.00086950493
3525,1.5830754e-05
3526,0.005390516
3527,0.00025958632
3528,2.1556923e-05
3529,0.0010932783
3530,0.00039688722
3531,0.00026225433
3532,0.00043069746
3533,0.0038774128
3534,0.00027878082
3535,3.896075e-05
3536,0.0050172443
3537,0.0027135166
3538,0.025215596
3539,5.7718047e-05
3540,9.685192e-05
3541,9.7349155e-05
3542,0.9948908
3543,0.006714158
3544,0.0002843086
3545,0.0018158288
3546,2.3582961e-05
3547,0.00013049004
3548,0.00043908716
3549,3.0358728e-05
3550,0.0002485351
3551,0.86162955
3552,0.00059057673
3553,0.1837852
3554,3.0517505e-05
3555,0.266417
3556,0.00012484084
3557,3.6412883e-05
3558,0.008537216
3559,0.001269281
3560,0.00042282918
3561,5.8536978e-05
3562,2.7501734e-05
3563,0.0026365947
3564,0.00022573874
3565,0.0017978991
3566,0.0041809394
3567,0.0037751086
3568,6.107265e-05
3569,8.3233936e-05
3570,4.5931796e-05
3571,7.381935e-05
3572,0.038195595
3573,2.4962566e-05
3574,8.421218e-05
3575,0.17984147
3576,0.00012438004
3577,2.6699323e-05
3578,5.7767604e-05
3579,0.00040340924
3580,0.00013551005
3581,0.00016513267
3582,0.00062579
3583,5.908474e-05
3584,2.7655351e-05
3585,9.4374744e-05
3586,0.0003717129
3587,0.00027792176
3588,0.00010174532
3589,0.005548746
3590,0.00022385966
3591,0.00044029893
3592,0.0031780289
3593,0.91639936
3594,8.575729e-06
3595,7.388174e-05
3596,0.000556533
3597,0.0007517962
3598,8.051906e-05
3599,0.029307393
3600,0.024170024
3601,0.001028494
3602,0.00538538
3603,0.0015649147
3604,0.0011811913
3605,0.0004981243
3606,0.0012701997
3607,0.0031841313
3608,0.0004944444
3609,0.00010985215
3610,0.0002445982
3611,0.007835971
3612,0.009544066
3613,0.00017444234
3614,0.00061384094
3615,5.7250887e-05
3616,0.0536416
3617,7.070107e-05
3618,1.902148e-05
3619,6.5988555e-05
3620,2.4089513e-05
3621,0.0002654595
3622,0.0034031654
3623,0.00872693
3624,3.0346135e-05
3625,0.0024027606
3626,6.0333317e-05
3627,6.414149e-05
3628,0.0038322085
3629,0.00021666054
3630,5.0483236e-06
3631,0.00038206458
3632,0.0010321386
3633,5.8619487e-05
3634,5.0207076e-05
3635,0.0010099626
3636,0.002018821
3637,0.01629627
3638,8.7013315e-05
3639,0.04784161
3640,0.0020468067
3641,0.048757773
3642,5.1692125e-05
3643,0.00036837868
3644,5.983718e-05
3645,0.0011298696
3646,2.3117904e-05
3647,0.00012754508
3648,0.00035103763
3649,0.00077336724
3650,0.00011821282
3651,4.2400465e-05
3652,0.07679069
3653,2.492415e-05
3654,0.007686731
3655,2.7996017e-05
3656,0.02835874
3657,0.015738616
3658,2.016343e-05
3659,0.00041612404
3660,0.005985176
3661,0.0009583653
3662,0.0016516887
3663,0.00027997198
3664,0.00019157684
3665,0.0007946842
3666,0.020617547
3667,5.6326917e-05
3668,4.2048094e-05
3669,1.4123505e-05
3670,0.00010506366
3671,7.967954e-05
3672,2.0679216e-05
3673,4.0502007e-05
3674,0.0015518094
3675,5.010386e-05
3676,0.003221996
3677,0.08801045
3678,5.8943035e-05
3679,0.00041322707
3680,0.00048908195
3681,0.0016521958
3682,0.00040073562
3683,0.0055095353
3684,0.0005403553
3685,0.0012538657
3686,0.00031897207
3687,0.000376707
3688,4.5957382e-05
3689,0.001249804
3690,3.988734e-05
3691,3.6409794e-05
3692,0.0021603843
3693,0.0026203787
3694,5.658075e-05
3695,0.0010160558
3696,0.0010017806
3697,0.000569053
3698,0.016534487
3699,0.00091249414
3700,1.8961315e-05
3701,0.00027009108
3702,0.0063014347
3703,0.00016272414
3704,0.0019402271
3705,0.00024962708
3706,4.8830625e-05
3707,0.00012416721
3708,0.00024415506
3709,2.9817667e-05
3710,0.0008981729
3711,0.00033385947
3712,3.13266e-05
3713,0.00031357282
3714,0.6582794
3715,3.27478e-05
3716,2.6689318e-05
3717,0.09921199
3718,0.000937809
3719,0.00028556612
3720,3.1212712e-05
3721,0.054607157
3722,2.4605348e-05
3723,0.0015531693
3724,0.0002699657
3725,0.00056160317
3726,0.33552656
3727,0.41393295
3728,0.00017199643
3729,0.0475623
3730,3.688118e-05
3731,0.00042995845
3732,0.0011120542
3733,0.00042126435
3734,8.071402e-05
3735,0.00033547674
3736,9.07091e-05
3737,7.538848e-05
3738,0.00044041648
3739,6.537705e-05
3740,4.951015e-05
3741,0.0022170036
3742,0.0008730968
3743,0.00026470938
3744,0.024502479
3745,5.2839034e-05
3746,9.172086e-05
3747,0.005695593
3748,0.027665088
3749,0.004184888
3750,0.0004938386
3751,0.99942195
3752,0.024387078
3753,0.00080511795
3754,0.00025538818
3755,0.1808354
3756,0.0017839082
3757,0.00026137964
3758,0.00013006655
3759,0.006777778
3760,0.0032193933
3761,0.0052971593
3762,0.21181527
3763,6.661843e-05
3764,0.0001841373
3765,3.139703e-05
3766,0.010773534
3767,0.062243726
3768,9.5023206e-05
3769,4.5751603e-05
3770,0.0024186394
3771,0.0028639894
3772,0.00020290782
3773,7.082571e-05
3774,1.8998675e-05
3775,5.4444125e-05
3776,0.0002906825
3777,0.0035789183
3778,9.1482914e-05
3779,2.8104754e-05
3780,2.2330012e-05
3781,2.964805e-05
3782,0.0004923839
3783,0.00018913475
3784,2.3370048e-05
3785,5.4858974e-05
3786,0.00019613122
3787,4.5528846e-05
3788,4.193401e-05
3789,0.41319814
3790,0.11074132
3791,0.0003206035
3792,0.00023836936
3793,0.0003626447
3794,7.88239e-05
3795,7.2581606e-05
3796,9.1544964e-05
3797,4.162936e-05
3798,4.7437006e-05
3799,0.0005708506
3800,0.00012480727
3801,0.00010828412
3802,3.7250276e-05
3803,0.029746536
3804,6.55234e-05
3805,0.00012651378
3806,0.0029886046
3807,0.0014358643
3808,0.0010521294
3809,0.00567136
3810,0.00018060878
3811,0.009744094
3812,0.0064765294
3813,0.02175368
3814,0.00023883142
3815,2.1846537e-05
3816,0.00084216066
3817,3.649235e-05
3818,0.002125288
3819,4.98739e-05
3820,0.29075572
3821,0.0094493
3822,0.008721734
3823,0.008619414
3824,9.9544945e-05
3825,0.00024898432
3826,3.310895e-05
3827,0.0011568217
3828,3.8123242e-05
3829,0.00013010649
3830,1.1282039e-05
3831,1.4839472e-05
3832,0.00010666081
3833,0.00011805005
3834,3.634842e-05
3835,0.010083621
3836,1.7287453e-05
3837,0.00051189866
3838,0.0012614478
3839,0.042945545
3840,0.00011537711
3841,5.4664033e-05
3842,0.00017829612
3843,9.0495014e-05
3844,0.00034789744
3845,0.0017801548
3846,0.00017221388
3847,3.937235e-05
3848,4.871189e-05
3849,3.601748e-05
3850,1.2745131e-05
3851,0.063996315
3852,0.00016679904
3853,0.105835
3854,0.9994584
3855,0.00024730267
3856,7.171199e-05
3857,0.0077250698
3858,0.00049875403
3859,0.008993236
3860,0.00070237287
3861,3.556829e-05
3862,2.0369846e-05
3863,2.4856927e-05
3864,0.00014565271
3865,0.017076839
3866,0.00012260441
3867,0.4315265
3868,0.00045951284
3869,0.0001231866
3870,3.0814655e-05
3871,0.016774163
3872,5.6162306e-05
3873,7.819704e-05
3874,0.00017261172
3875,0.1254442
3876,0.008109302
3877,0.523152
3878,2.183071e-05
3879,0.00096733245
3880,0.0001912795
3881,0.24663155
3882,1.3743222e-05
3883,0.00025801282
3884,0.00064189953
3885,0.0020448975
3886,0.0003601079
3887,0.00045759324
3888,0.0014915932
3889,0.04833071
3890,0.5230044
3891,0.00062646606
3892,0.00074458856
3893,0.000111071364
3894,0.00033932604
3895,0.0033615318
3896,0.0016615924
3897,4.6430632e-05
3898,5.9327576e-05
3899,0.00059730094
3900,4.5004537e-05
3901,7.310236e-05
3902,8.491673e-05
3903,6.618733e-05
3904,0.0044940407
3905,0.0004969069
3906,2.0447716e-05
3907,0.0036296402
3908,0.00016204023
3909,0.30749547
3910,0.0001781775
3911,0.95244265
3912,6.110388e-05
3913,0.014361992
3914,4.8908965e-05
3915,0.0018968263
3916,0.0008985706
3917,0.00037969285
3918,0.0007481955
3919,0.18146268
3920,0.00034821813
3921,7.0371345e-05
3922,7.1566545e-05
3923,5.2803527e-05
3924,0.0005820556
3925,0.00019788172
3926,0.0005936117
3927,0.0003904367
3928,8.090296e-05
3929,6.6675944e-05
3930,0.0026336247
3931,0.011828315
3932,0.48589304
3933,4.487631e-05
3934,0.00011616942
3935,0.0043681515
3936,0.00012509573
3937,0.0001161938
3938,0.00022250373
3939,0.0004517783
3940,0.00013428755
3941,0.0048729936
3942,0.00832384
3943,0.010265075
3944,0.0062595126
3945,0.008598544
3946,8.984173e-06
3947,9.743023e-05
3948,0.007815083
3949,0.9538806
3950,0.0024961187
3951,0.010647576
3952,0.0019338828
3953,0.0026689996
3954,0.00074815773
3955,3.1553896e-05
3956,0.024163332
3957,0.89992976
3958,0.0024305591
3959,0.0009132788
3960,2.6741316e-05
3961,5.455451e-05
3962,0.0013779418
3963,0.068279386
3964,0.00132084
3965,0.0007277358
3966,0.0008530721
3967,0.0007201593
3968,0.00082528306
3969,2.4405377e-05
3970,0.00035183015
3971,0.001634272
3972,0.00012192402
3973,0.001978839
3974,0.00024121418
3975,0.00014038035
3976,0.00024784886
3977,0.0044908933
3978,5.1635514e-05
3979,7.965371e-05
3980,7.6896315e-05
3981,1.822445e-05
3982,0.00048560183
3983,0.001832942
3984,6.81265e-05
3985,7.5178854e-05
3986,4.0252224e-05
3987,0.11145929
3988,0.00059852446
3989,0.0005192492
3990,5.3427248e-05
3991,7.443794e-05
3992,2.3819179e-05
3993,0.0003860581
3994,0.00016814038
3995,3.18393e-05
3996,0.002896726
3997,0.0023747052
3998,8.955824e-05
3999,0.00070655777
4000,0.0017349056
4001,0.03792459
4002,0.0006244399
4003,0.016346775
4004,0.0005079744
4005,1.4412546e-05
4006,3.0277884e-05
4007,0.00044323175
4008,1.593817e-05
4009,0.00023659466
4010,0.44312757
4011,5.9064292e-05
4012,6.781783e-05
4013,0.006202521
4014,2.4888877e-05
4015,0.0042866855
4016,0.0001520861
4017,0.00022754203
4018,0.0044659455
4019,6.135424e-05
4020,0.001910095
4021,0.0006094894
4022,2.0782158e-05
4023,0.00014607901
4024,1.1703077e-05
4025,0.00014523928
4026,0.0012640746
4027,0.061782345
4028,0.0002445024
4029,0.0017143748
4030,0.00016786916
4031,0.080176055
4032,8.2988336e-05
4033,0.001217255
4034,0.00012442726
4035,0.09586842
4036,0.042541437
4037,0.003378359
4038,0.99777395
4039,0.00023049749
4040,3.1866122e-05
4041,0.00015649738
4042,0.00044955363
4043,6.342546e-05
4044,2.7950107e-05
4045,3.6521596e-05
4046,1.8293455e-05
4047,0.000285198
4048,0.0001298051
4049,0.0013210367
4050,5.9251077e-05
4051,0.0011755992
4052,8.921473e-05
4053,0.00078160444
4054,4.6141166e-05
4055,3.48792e-05
4056,0.009227793
4057,5.5569097e-05
4058,0.0068737087
4059,2.8349365e-05
4060,4.0216655e-05
4061,0.0012072122
4062,0.00013623183
4063,4.6504854e-05
4064,0.0003222558
4065,9.575755e-05
4066,0.00021043232
4067,3.4113807e-05
4068,0.9996076
4069,0.0012710056
4070,0.0049440786
4071,0.007943591
4072,0.00422935
4073,2.1187048e-05
4074,0.0006143431
4075,4.7445512e-05
4076,0.0001435959
4077,1.5247195e-05
4078,0.00024197661
4079,0.004256551
4080,4.0892668e-05
4081,0.0002453152
4082,0.030709537
4083,0.00028710882
4084,3.2400167e-05
4085,0.000116078954
4086,0.00079107535
4087,0.00061773177
4088,5.318472e-05
4089,9.382978e-05
4090,0.000346166
4091,0.00011477314
4092,0.014083767
4093,9.5182186e-05
4094,0.00020756877
4095,0.00024294222
4096,4.3667562e-05
4097,0.00021975444
4098,0.0064747436
4099,4.060414e-05
4100,0.03157116
4101,0.000103699145
4102,1.1291749e-05
4103,0.006114395
4104,0.00055975124
4105,2.8921613e-05
4106,3.754847e-05
4107,2.8413266e-05
4108,0.00439218
4109,0.0034957742
4110,0.0016590995
4111,0.8555524
4112,0.01891167
4113,1.5072106e-05
4114,5.060614e-05
4115,0.00015017997
4116,0.00066337927
4117,0.0026662557
4118,0.0024713534
4119,0.00024770855
4120,0.00010399364
4121,9.225656e-05
4122,6.706225e-05
4123,0.0009948626
4124,0.0018118541
4125,1.33339545e-05
4126,0.0013156146
4127,0.006516983
4128,0.006206793
4129,0.00010097421
4130,0.0024026462
4131,9.691974e-05
4132,1.8435576e-05
4133,0.0017247135
4134,7.124637e-05
4135,0.017747758
4136,0.00018352401
4137,0.0021412524
4138,4.1395553e-05
4139,2.8376493e-05
4140,0.032040402
4141,1.437362e-05
4142,0.02878686
4143,0.6401677
4144,0.016104672
4145,0.034133352
4146,9.091703e-05
4147,0.0017223172
4148,0.00036358973
4149,0.037551776
4150,0.002185519
4151,0.010920319
4152,0.0032333052
4153,5.8377376e-05
4154,0.00021713183
4155,0.00059312704
4156,0.25081417
4157,0.00019701607
4158,6.604862e-05
4159,0.0001280238
4160,7.324897e-05
4161,0.0006056952
4162,0.0004356312
4163,7.297351e-05
4164,0.00015892599
4165,0.0007724937
4166,9.517538e-05
4167,8.593638e-05
4168,0.0006351967
4169,0.00023437885
4170,0.23139463
4171,1.1958219e-05
4172,0.00061888533
4173,0.00023539916
4174,1.6820552e-05
4175,0.0007526241
4176,0.0026087537
4177,3.8794133e-05
4178,2.98111e-05
4179,0.079964735
4180,0.00093380304
4181,3.7494658e-05
4182,0.00011575178
4183,1.1884605e-05
4184,8.166311e-05
4185,0.0029850234
4186,2.7027592e-05
4187,0.034278758
4188,4.039038e-05
4189,0.00022411124
4190,1.3639368e-05
4191,0.0016990304
4192,0.0002449151
4193,0.00072145584
4194,3.707453e-05
4195,0.007331883
4196,0.0002145305
4197,2.5391108e-05
4198,0.0007514223
4199,0.18676521
4200,0.00026762363
4201,7.735591e-05
4202,0.00088822417
4203,8.178718e-05
4204,0.0023383931
4205,8.02921e-05
4206,3.970362e-05
4207,0.0009934921
4208,0.7790597
4209,0.0017721874
4210,0.0151779475
4211,0.00074135116
4212,9.560289e-05
4213,2.6820924e-05
4214,6.2308194e-05
4215,1.751707e-05
4216,0.00031464218
4217,6.0381495e-05
4218,0.00028601542
4219,5.1461353e-05
4220,0.0035149457
4221,0.00039386872
4222,0.0002967683
4223,0.013637451
4224,2.4893578e-05
4225,0.000639561
4226,2.0217056e-05
4227,0.2635508
4228,6.0563783e-05
4229,0.0019651663
4230,0.0006063944
4231,0.00029787808
4232,0.0003347397
4233,0.0006197046
4234,2.7729191e-05
4235,0.00019384982
4236,0.0004304083
4237,4.425785e-05
4238,2.7000206e-05
4239,0.00018616469
4240,0.00011940054
4241,0.0019308204
4242,0.00027079912
4243,0.11562819
4244,4.790895e-05
4245,7.693629e-06
4246,0.0009307483
4247,0.10295386
4248,0.011286499
4249,0.0010756012
4250,6.396301e-05
4251,2.3323159e-05
4252,0.00050150853
4253,0.0009238647
4254,0.00015763003
4255,0.04816397
4256,0.0001979087
4257,0.0017230927
4258,3.5042165e-05
4259,0.00089357665
4260,1.397239e-05
4261,2.6332442e-05
4262,0.001478121
4263,0.0001480608
4264,0.00010859504
4265,0.00015582003
4266,9.172296e-05
4267,8.424471e-05
4268,2.034843e-05
4269,0.00011365171
4270,0.0017285913
4271,0.009303761
4272,2.4087076e-05
4273,0.00033498873
4274,0.00010426492
4275,1.1696304e-05
4276,0.00015997246
4277,6.7305635e-05
4278,0.00011125189
4279,8.446165e-05
4280,6.0371192e-05
4281,0.0012392098
4282,2.3705736e-05
4283,0.010818801
4284,0.00014303751
4285,0.00010229205
4286,0.0066905497
4287,0.4431529
4288,0.00046091422
4289,0.0073458822
4290,0.00015081887
4291,0.00019925855
4292,0.009071448
4293,8.1839375e-05
4294,0.0011684797
4295,0.000109215754
4296,0.00018009049
4297,3.0487892e-05
4298,5.881586e-05
4299,0.0018377326
4300,0.0004492694
4301,0.011017119
4302,0.00028026282
4303,0.0012826754
4304,0.000112205
4305,0.001621722
4306,0.0026494937
4307,0.0006551819
4308,5.5472265e-05
4309,0.0033352943
4310,0.0007910565
4311,0.00029728655
4312,0.00016310645
4313,2.4606099e-05
4314,3.842132e-05
4315,0.036177665
4316,2.8859457e-05
4317,0.00010434479
4318,0.08947989
4319,0.011480799
4320,0.00022742923
4321,0.0019203129
4322,0.0072322744
4323,0.0002796769
4324,0.0029309748
4325,0.0014031415
4326,9.352258e-05
4327,0.00029686224
4328,0.0071718893
4329,0.00092465425
4330,8.3567335e-05
4331,0.0003261583
4332,0.0008435232
4333,8.128335e-05
4334,0.00020693976
4335,0.00030989677
4336,0.0023755378
4337,8.682583e-05
4338,0.0004545117
4339,0.111080766
4340,0.007898147
4341,0.0021442957
4342,0.003791362
4343,0.00038716543
4344,0.0002605824
4345,0.0014694325
4346,0.00014351076
4347,0.004920313
4348,3.6870595e-05
4349,0.00012146217
4350,2.3501778e-05
4351,0.00020567297
4352,2.9056744e-05
4353,0.0026791045
4354,0.00013754299
4355,0.001424433
4356,0.00013018405
4357,1.3949876e-05
4358,7.023195e-06
4359,4.0577313e-05
4360,0.0009722429
4361,1.6232736e-05
4362,4.696694e-05
4363,0.0011995084
4364,0.00019028864
4365,4.7964768e-05
4366,0.034920182
4367,0.003449838
4368,4.7383794e-05
4369,0.010923085
4370,0.0008957633
4371,0.0010404469
4372,0.06754989
4373,0.62285864
4374,0.00042088804
4375,9.575307e-05
4376,0.011243145
4377,4.7602414e-05
4378,0.00019175629
4379,1.01712285e-05
4380,0.00089291204
4381,0.0022848088
4382,0.00015751524
4383,0.0003631124
4384,0.00034690832
4385,0.00051203015
4386,2.5809622e-05
4387,0.00034529186
4388,2.9732371e-05
4389,4.293164e-05
4390,0.0003602772
4391,2.0777283e-05
4392,0.0023023041
4393,4.2776137e-05
4394,6.674796e-05
4395,0.0013564308
4396,4.215256e-05
4397,0.0015738771
4398,3.1183023e-05
4399,1.6584305e-05
4400,1.9664318e-05
4401,0.0041676983
4402,0.00014055918
4403,9.434145e-05
4404,0.0018837712
4405,0.0034581365
4406,0.9903743
4407,0.0009616159
4408,0.00087207084
4409,0.00069366855
4410,0.00044977697
4411,4.1521478e-05
4412,5.3526077e-05
4413,2.5958741e-05
4414,0.010282957
4415,0.00041030996
4416,0.005361335
4417,0.06691849
4418,0.0010197802
4419,9.331662e-05
4420,0.0011707766
4421,0.0075988006
4422,0.046616685
4423,0.007910019
4424,0.00054347067
4425,0.00016348902
4426,0.0004924116
4427,0.00084538833
4428,3.3120603e-05
4429,3.2553566e-05
4430,0.00047696556
4431,2.9752593e-05
4432,0.0015837763
4433,5.1217292e-05
4434,0.0028790133
4435,0.0017262594
4436,0.00025823578
4437,0.0010597521
4438,5.0016926e-05
4439,4.2842683e-05
4440,0.01030033
4441,0.0002392307
4442,3.9132072e-05
4443,0.007070336
4444,0.00021497748
4445,0.10670459
4446,0.0017134552
4447,2.11059e-05
4448,0.0001276351
4449,2.0307429e-05
4450,0.030509943
4451,0.00013543655
4452,0.002023659
4453,4.8983933e-05
4454,9.8932775e-05
4455,2.6449976e-05
4456,6.599026e-05
4457,2.4251254e-05
4458,0.18261668
4459,0.022658294
4460,0.00039833286
4461,0.00020008348
4462,0.002739391
4463,0.00018607613
4464,0.0002865963
4465,1.0819396e-05
4466,2.9984252e-05
4467,0.0006614629
4468,0.009332857
4469,4.7469228e-05
4470,0.0023259437
4471,3.9306844e-05
4472,0.0024049035
4473,2.908347e-05
4474,2.0327174e-05
4475,0.00052104617
4476,6.3274194e-05
4477,0.00026510312
4478,0.3167262
4479,6.794334e-05
4480,0.044867422
4481,0.0005687057
4482,0.00753131
4483,0.00012977999
4484,1.2636846e-05
4485,0.00010302526
4486,0.00026928447
4487,0.04853635
4488,0.5492778
4489,0.00012305265
4490,0.0012786163
4491,3.153717e-05
4492,0.00027715997
4493,0.00022610517
4494,6.778699e-05
4495,0.0014022158
4496,1.1193827e-05
4497,0.0006871688
4498,0.00012893592
4499,5.3769854e-05
4500,5.3699958e-05
4501,5.058795e-05
4502,0.0002449791
4503,0.00026296565
4504,0.00013050759
4505,0.0002499531
4506,0.00065731216
4507,0.034252603
4508,9.331694e-06
4509,0.000105918596
4510,3.223949e-05
4511,0.4123425
4512,1.9152574e-05
4513,8.930351e-05
4514,0.00046413008
4515,0.0060593453
4516,0.0005648211
4517,0.0015200488
4518,0.0029021585
4519,0.0022656529
4520,0.6751384
4521,0.001687847
4522,0.0007130549
4523,0.0006741828
4524,0.26085505
4525,4.058606e-05
4526,0.00016858829
4527,0.00026122143
4528,0.00021757036
4529,2.8725955e-05
4530,7.6081364e-05
4531,9.368995e-05
4532,0.0014155686
4533,0.05388329
4534,3.462296e-05
4535,0.00036126995
4536,0.00011881403
4537,8.559968e-06
4538,8.308549e-05
4539,7.630937e-05
4540,0.00040626238
4541,0.007357348
4542,1.0822461e-05
4543,7.936401e-05
4544,0.00026299575
4545,0.00035581307
4546,0.0012150557
4547,0.03914163
4548,0.019552901
4549,0.00017349004
4550,0.00078256655
4551,5.326761e-05
4552,3.0183184e-05
4553,0.017298352
4554,0.0003430504
4555,0.84094256
4556,5.6966066e-05
4557,0.00068408105
4558,8.271993e-05
4559,2.5826488e-05
4560,0.0007441417
4561,3.8627495e-05
4562,4.595011e-05
4563,0.017731007
4564,1.8878714e-05
4565,0.00093002367
4566,0.0037366943
4567,0.006338615
4568,0.23498578
4569,0.00089265127
4570,0.001166328
4571,0.00022731652
4572,1.6530745e-05
4573,0.052217357
4574,2.0506555e-05
4575,8.7810855e-05
4576,0.000229612
4577,0.000729063
4578,0.0058028097
4579,2.6744887e-05
4580,0.0023319565
4581,0.00024938275
4582,0.0014893188
4583,0.00030403968
4584,0.6245428
4585,0.12025249
4586,0.6856585
4587,0.029869871
4588,0.00010363627
4589,0.00026737343
4590,0.0024041862
4591,0.0009075211
4592,6.5347755e-05
4593,0.00015493509
4594,0.92018634
4595,0.0008191453
4596,0.0001635623
4597,0.011156669
4598,0.0002733185
4599,7.6214834e-05
4600,0.00017385437
4601,0.00014460224
4602,0.00017524441
4603,0.0001339042
4604,2.0393034e-05
4605,5.582665e-05
4606,0.0059043425
4607,0.006518351
4608,0.00032164928
4609,0.012616536
4610,1.9650652e-05
4611,8.556025e-05
4612,0.0001128756
4613,0.00014490935
4614,0.0017880594
4615,0.0004470394
4616,0.000108738466
4617,0.0004872876
4618,1.0138582e-05
4619,0.0012399843
4620,0.00016210685
4621,0.0034351249
4622,0.00013429421
4623,0.5389978
4624,0.00014961654
4625,0.00018000173
4626,0.000120580626
4627,5.9582486e-05
4628,0.0015406434
4629,0.00015259626
4630,0.0001687335
4631,0.0011642888
4632,2.1508398e-05
4633,3.1472064e-05
4634,7.4487296e-05
4635,0.0003120914
4636,0.007921635
4637,1.7113007e-05
4638,6.543724e-05
4639,0.0007105986
4640,2.326376e-05
4641,1.6221378e-05
4642,7.1019065e-05
4643,0.0028724761
4644,0.00017635274
4645,9.563271e-05
4646,0.00046275818
4647,3.0914052e-05
4648,0.00024819435
4649,0.00021580388
4650,0.00022550233
4651,0.00015144286
4652,7.929139e-05
4653,0.0002744107
4654,0.001100231
4655,5.0546045e-05
4656,2.5500476e-05
4657,0.0010457201
4658,0.0018848259
4659,9.861291e-05
4660,9.002687e-05
4661,5.421311e-05
4662,0.6256924
4663,0.056844838
4664,0.00011337213
4665,0.000121586985
4666,0.00069215073
4667,0.025325825
4668,0.0002797164
4669,0.00012477038
4670,0.0027891384
4671,0.013491979
4672,0.00043686273
4673,6.76161e-05
4674,0.00012901991
4675,0.072331436
4676,0.006819077
4677,0.025829189
4678,0.00035027243
4679,0.27862504
4680,0.00035482683
4681,1.6733067e-05
4682,7.9459045e-05
4683,0.00051989127
4684,1.7475422e-05
4685,0.015153882
4686,0.00024636977
4687,0.00010527847
4688,0.00012936683
4689,0.0002216741
4690,0.0029772045
4691,0.00012572858
4692,0.00056400907
4693,0.0011839811
4694,0.4692937
4695,2.7870628e-05
4696,0.00013991317
4697,0.00020233383
4698,0.0021412147
4699,4.394382e-05
4700,6.362392e-05
4701,0.00146034
4702,0.00025920494
4703,0.0014320837
4704,0.001563709
4705,0.0001479716
4706,0.007904745
4707,0.013134127
4708,3.41389e-05
4709,2.6762747e-05
4710,3.2359683e-05
4711,4.903824e-05
4712,0.001157977
4713,3.8293e-05
4714,0.012136434
4715,0.00244546
4716,3.6455585e-05
4717,0.00012764192
4718,4.047054e-05
4719,0.00096820557
4720,0.00021460456
4721,0.00012789143
4722,0.0014724076
4723,0.00044756065
4724,0.00067708775
4725,5.109358e-05
4726,0.0008896861
4727,0.00040596197
4728,0.00013670042
4729,0.07851043
4730,3.2884807e-05
4731,0.00028983515
4732,9.439157e-05
4733,0.00021065776
4734,9.9625846e-05
4735,5.427917e-05
4736,5.791212e-05
4737,0.0002796649
4738,0.0001477263
4739,0.0014535852
4740,0.007989132
4741,5.7903944e-05
4742,2.1323161e-05
4743,0.0011004987
4744,0.00012365017
4745,0.00054459204
4746,0.00015738868
4747,2.9709325e-05
4748,7.586937e-05
4749,0.00016130891
4750,0.00024949596
4751,0.00026700788
4752,0.03307191
4753,5.4579177e-05
4754,3.142495e-05
4755,0.009793397
4756,0.03575976
4757,0.00011665018
4758,2.0522499e-05
4759,0.00021533444
4760,1.9913117e-05
4761,6.2017076e-05
4762,0.000101392296
4763,3.426277e-05
4764,0.024782863
4765,2.121329e-05
4766,8.8256194e-05
4767,0.0005796106
4768,0.00022600428
4769,0.0010932873
4770,5.387338e-05
4771,0.0005428699
4772,0.00013605294
4773,0.0017640531
4774,0.0009669528
4775,0.0006361406
4776,0.0060486374
4777,0.0002635781
4778,0.00041932618
4779,0.00045931776
4780,1.7400305e-05
4781,0.004987591
4782,6.8571666e-05
4783,0.09812155
4784,0.9941474
4785,0.00015713407
4786,0.03165349
4787,0.0015985691
4788,0.00030607556
4789,0.0011671387
4790,0.0014937232
4791,0.20034353
4792,3.0826588e-05
4793,0.0011551221
4794,0.00015926186
4795,1.6900094e-05
4796,3.8151684e-05
4797,0.028131729
4798,0.00010361809
4799,0.016441975
4800,0.00012531744
4801,3.1754396e-05
4802,0.00013786861
4803,6.474626e-05
4804,1.5919773e-05
4805,0.00028452012
4806,0.00026591241
4807,5.2498504e-05
4808,3.612522e-05
4809,0.00068709307
4810,0.00071872596
4811,0.0007003012
4812,4.1193263e-05
4813,0.03530669
4814,0.0003710496
4815,0.00034487963
4816,0.00046860447
4817,0.09151405
4818,1.2179729e-05
4819,3.6683174e-05
4820,0.00030325516
4821,2.7714068e-05
4822,5.3217293e-05
4823,0.010305358
4824,0.40146762
4825,1.6778322e-05
4826,0.047978085
4827,0.015446342
4828,0.02316915
4829,0.00036473852
4830,0.00026127
4831,0.00024387168
4832,0.00013705308
4833,0.00073073036
4834,4.7985217e-05
4835,0.8411737
4836,0.15976325
4837,5.363404e-05
4838,0.0032782385
4839,0.00035709946
4840,0.012487459
4841,0.4653733
4842,0.0001150812
4843,0.021852547
4844,0.04510607
4845,0.00035376928
4846,0.087390766
4847,8.424873e-05
4848,2.2956736e-05
4849,0.0072070137
4850,0.07637717
4851,0.0004215088
4852,5.12318e-05
4853,0.0023998306
4854,0.000918034
4855,0.052510075
4856,0.0018382339
4857,0.001893426
4858,8.20898e-05
4859,0.00041153707
4860,0.0003066293
4861,0.06536624
4862,0.00015271839
4863,0.0005281777
4864,0.00051370205
4865,8.28671e-05
4866,0.001411
4867,0.002115002
4868,6.46777e-05
4869,0.010035718
4870,4.7244645e-05
4871,0.0005243174
4872,0.0025952058
4873,0.00024174049
4874,7.413638e-05
4875,0.00052974274
4876,0.00013242365
4877,0.00012933945
4878,0.27480498
4879,2.2983657e-05
4880,0.0007994815
4881,0.0017322205
4882,0.04690308
4883,4.4483975e-05
4884,0.00044076148
4885,0.00012830783
4886,0.0003461917
4887,2.8944927e-05
4888,0.13783902
4889,7.554767e-05
4890,0.029209116
4891,0.00015344603
4892,0.00017775512
4893,0.016092505
4894,5.8881687e-05
4895,0.0001580914
4896,0.00020815521
4897,5.2019986e-05
4898,0.0026899853
4899,4.139804e-05
4900,0.0001420659
4901,0.0011571171
4902,0.0012958397
4903,0.00045139153
4904,0.00010035775
4905,0.00017642876
4906,6.76248e-05
4907,0.0001826405
4908,3.6332272e-05
4909,0.0007005302
4910,0.015676321
4911,0.00060932006
4912,0.09076228
4913,7.997589e-06
4914,0.12887874
4915,2.8018238e-05
4916,0.00063984847
4917,0.00028759483
4918,1.9275929e-05
4919,0.002185015
4920,0.00015158473
4921,0.0010590289
4922,0.0001898707
4923,0.00044366144
4924,0.0030832468
4925,2.4436584e-05
4926,2.8858492e-05
4927,0.006229057
4928,9.3070994e-05
4929,0.0005403661
4930,0.0008254014
4931,0.00057395815
4932,0.00012597891
4933,0.0004253026
4934,0.00432659
4935,0.009387024
4936,0.017356891
4937,0.018552529
4938,0.017344624
4939,1.2936244e-05
4940,8.923546e-06
4941,0.00012123214
4942,0.055265997
4943,1.7820683e-05
4944,0.00016800512
4945,0.0010921385
4946,0.00018231774
4947,3.3593653e-05
4948,0.000102446196
4949,5.819224e-05
4950,0.00018286618
4951,0.00012184139
4952,0.011217497
4953,1.7630413e-05
4954,0.000700398
4955,0.00014913696
4956,0.000119023236
4957,0.00013622014
4958,0.0019827546
4959,0.007250308
4960,9.3480594e-05
4961,0.0044936333
4962,0.000117162206
4963,5.0607057e-05
4964,2.4317023e-05
4965,0.0014315322
4966,8.245949e-05
4967,0.000114560266
4968,0.8903183
4969,0.00047278818
4970,5.457038e-05
4971,0.000132887
4972,0.0010256848
4973,0.0014152821
4974,0.008201012
4975,0.0101532405
4976,0.00037860885
4977,0.14792836
4978,0.0012993991
4979,4.365878e-05
4980,0.00640013
4981,4.692226e-05
4982,0.0007480508
4983,0.0007002118
4984,0.00071483344
4985,0.00082525314
4986,0.0008208112
4987,0.00013381205
4988,0.002726844
4989,2.275247e-05
4990,0.0004941994
4991,0.0013513017
4992,2.5670442e-05
4993,0.00012786704
4994,4.0824405e-05
4995,0.000121595214
4996,7.459597e-06
4997,0.027186869
4998,0.004324528
4999,9.997921e-05
5000,2.171104e-05
